thai sentence,english sentence
แม้ว่าฝนจะตกหนัก แต่ฉันก็ยังต้องไปทำงานเพราะมีการประชุมสำคัญที่ต้องเข้าร่วม,"Even though it is raining heavily, I still have to go to work because there is an important meeting I need to attend."
เมื่อวานฉันได้พบกับเพื่อนเก่าที่ไม่ได้เจอกันมานาน เราเลยนั่งคุยกันจนดึกดื่น,"Yesterday I met an old friend whom I had not seen in a long time, so we chatted until late at night."
ถ้าคุณมีเวลาว่างสุดสัปดาห์นี้ เราไปเที่ยวภูเขาหรือทะเลกันดีไหม,"If you have free time this weekend, should we go to the mountains or the sea?"
ฉันกำลังเรียนทำอาหารไทย เพราะอยากทำอาหารอร่อยอร่อย ให้ครอบครัวทาน,I am learning to cook Thai food because I want to make delicious meals for my family.
ก่อนที่จะตัดสินใจซื้อบ้านหลังนี้ เราควรพิจารณาเรื่องงบประมาณและทำเลที่ตั้งให้ดี,"Before deciding to buy this house, we should carefully consider the budget and location."
เธอช่วยอธิบายวิธีการใช้โปรแกรมนี้ให้ฉันฟังอีกครั้งได้ไหม ฉันยังไม่ค่อยเข้าใจ,Could you please explain how to use this program to me once more? I still don not quite understand.
ทั้งที่เขาทำงานหนักทุกวัน แต่ก็ยังหาเวลาไปออกกำลังกายและดูแลสุขภาพของตัวเอง,"Even though he works hard every day, he still finds time to exercise and take care of his health."
หากเราวางแผนการเดินทางล่วงหน้า เราจะสามารถประหยัดค่าใช้จ่ายและเวลาได้มากขึ้น,"If we plan our trip ahead, we can save a lot more on expenses and time."
หลังจากที่ฝึกฝนมาเป็นเวลาหลายเดือน ในที่สุดเขาก็สามารถเล่นเปียโนเพลงนี้ได้อย่างสมบูรณ์แบบ,"After practicing for many months, he can finally play this piano piece perfectly."
แม้ว่าฉันจะเหนื่อยมาก แต่ก็รู้สึกภูมิใจที่ได้ทำงานสำเร็จตามที่ตั้งใจไว้,"Even though I am very tired, I feel proud to have completed the work as intended."
ถ้าเราต้องการประสบความสำเร็จ เราควรตั้งเป้าหมายและพยายามอย่างเต็มที่เพื่อให้ไปถึง,"If we want to succeed, we should set goals and try our best to achieve them."
เธอควรพักผ่อนบ้าง อย่าหักโหมงานจนเกินไป เพราะสุขภาพเป็นเรื่องสำคัญ,You should rest sometimes; do not overwork yourself because health is important.
พรุ่งนี้ฉันต้องตื่นเช้า เพื่อไปส่งเอกสารสำคัญที่ออฟฟิศก่อนเวลาประชุม,Tomorrow I have to wake up early to deliver important documents to the office before the meeting time.
เขาวางแผนที่จะไปศึกษาต่อต่างประเทศ เพื่อเพิ่มพูนความรู้และประสบการณ์ใหม่ใหม่,He plans to study abroad to enhance his knowledge and gain new experiences.
ฉันกำลังหาหนังสือที่น่าสนใจอ่าน ถ้าคุณมีเรื่องไหนแนะนำ ช่วยบอกฉันด้วย,"I am looking for an interesting book to read; if you have any recommendations, please let me know."
เขาชื่นชอบการถ่ายภาพธรรมชาติ โดยเฉพาะภาพพระอาทิตย์ขึ้นและตก,"He loves photographing nature, especially sunrises and sunsets."
ฉันกำลังคิดจะซื้อต้นไม้มาปลูกในบ้าน เพื่อเพิ่มความสดชื่นและความสวยงาม,I am thinking of buying plants to grow in the house to add freshness and beauty.
แม้ว่าวันนี้จะมีงานยุ่ง แต่ฉันก็จะพยายามหาเวลาไปพบคุณให้ได้,"Even though today is busy, I will try to find time to meet you."
เขาเป็นคนที่มีความสามารถและมุ่งมั่น ทำให้ประสบความสำเร็จในหน้าที่การงาน,"He is talented and dedicated, which makes him successful in his career."
การอ่านหนังสือก่อนนอนจะช่วยให้เราผ่อนคลายและนอนหลับสบายขึ้น,Reading a book before bed helps us relax and sleep better.
ฉันหวังว่าเราจะได้มีโอกาสทำงานร่วมกันอีกในอนาคต,I hope we will have the opportunity to work together again in the future.
การเดินทางครั้งนี้เป็นประสบการณ์ที่ยอดเยี่ยมและน่าจดจำมาก,This trip was an excellent and memorable experience.
เธอควรลองออกไปพบปะผู้คนใหม่ใหม่ เพื่อเปิดโอกาสและมุมมองในชีวิต,You should try meeting new people to open up opportunities and perspectives in life.
เขามีความฝันที่จะเป็นนักดนตรีมืออาชีพ และกำลังพยายามอย่างหนักเพื่อให้สำเร็จ,He dreams of becoming a professional musician and is trying hard to achieve it.
ถึงแม้จะมีความคิดเห็นที่แตกต่าง แต่หากเราฟังกันและกัน เราจะเข้าใจกันมากขึ้น,"Even though there are differing opinions, if we listen to each other, we will understand more."
การเรียนรู้จากความผิดพลาดเป็นสิ่งสำคัญ ที่จะทำให้เราเติบโตและพัฒนา,Learning from mistakes is important as it helps us grow and develop.
เธอสนใจที่จะเข้าร่วมงานสัมมนาเกี่ยวกับเทคโนโลยีใหม่ล่าสุดไหม,Are you interested in attending a seminar on the latest technology?
ฉันเพิ่งซื้อจักรยานใหม่ และตั้งใจจะปั่นไปทำงานแทนการขับรถ,I just bought a new bicycle and plan to ride it to work instead of driving.
การได้ลองทำสิ่งใหม่ใหม่ ช่วยให้ชีวิตมีสีสันและไม่น่าเบื่อ,Trying new things makes life colorful and not boring.
แม้ว่าปัญหาจะดูยาก แต่ถ้าเราคิดอย่างรอบคอบ ก็จะหาทางแก้ไขได้,"Even though the problem seems difficult, if we think carefully, we can find a solution."
ฉันกำลังฝึกสมาธิโดยการนั่งสมาธิทุกเช้า เพื่อให้จิตใจสงบและผ่อนคลาย,I am practicing mindfulness by meditating every morning to calm and relax my mind.
คุณเคยไปเที่ยวที่จังหวัดเชียงใหม่หรือยัง ที่นั่นมีสถานที่ท่องเที่ยวสวยงามมากมาย,Have you ever visited Chiang Mai province? There are many beautiful tourist attractions there.
ฉันอยากเรียนรู้การเขียนโปรแกรม เพื่อที่จะพัฒนาเว็บไซต์และแอปพลิเคชันของตัวเอง,I want to learn programming so I can develop my websites and applications.
คุณมีวิธีจัดการกับความเครียดอย่างไรบ้าง แชร์ให้ฉันฟังหน่อยได้ไหม,How do you manage stress? Could you share with me?
ในช่วงเวลาที่ท้อแท้ เราควรหันมามองข้อดีและความสำเร็จที่ผ่านมา,"In discouraging times, we should look back at our positive aspects and past successes."
การเตรียมตัวก่อนสอบเป็นสิ่งสำคัญ ที่จะช่วยให้เรามีความมั่นใจและพร้อม,Preparing before exams is important as it helps us be confident and ready.
ฉันกำลังมองหางานอดิเรกใหม่ใหม่ ที่จะทำให้ฉันได้เรียนรู้และสนุกไปพร้อมกัน,I'm looking for new hobbies that allow me to learn and have fun at the same time.
ถึงแม้ฝนจะตก เราก็ยังสามารถหากิจกรรมสนุกสนุก ทำในบ้านได้,"Even though it's raining, we can still find fun activities to do indoors."
เธอมีแผนจะทำอะไรในวันหยุดสุดสัปดาห์นี้บ้าง เราอาจจะนัดกันไปเที่ยวได้,What are your plans for this weekend? Maybe we could arrange to go out together.
ฉันชอบทำขนมและแบ่งปันให้เพื่อนเพื่อน ได้ลองชิมกัน,I like baking and sharing treats with my friends to try.
ถ้าเรารู้จักการบริหารเงินอย่างมีประสิทธิภาพ เราจะสามารถเก็บออมและลงทุนได้,"If we know how to manage money efficiently, we can save and invest."
แม้ว่างานจะยุ่งแค่ไหน การพักผ่อนก็ยังเป็นสิ่งจำเป็นสำหรับร่างกาย,"No matter how busy work is, rest is still necessary for the body."
เธอควรลองทานอาหารเมนูนี้ มันมีรสชาติแปลกใหม่และอร่อยมาก,You should try this dish; it has a unique and very delicious taste.
การให้เวลาตัวเองได้พักผ่อน ช่วยเติมพลังและสร้างความสดชื่น,Giving ourselves time to rest helps recharge and refresh us.
ฉันเพิ่งได้ฟังเพลงใหม่ของศิลปินที่ชอบ มันสุดยอดมากจริงจริง,I just listened to a new song by my favorite artist; it is really amazing.
ถ้าเรามองโลกในแง่ดี ทุกปัญหาก็จะมีทางแก้ไขเสมอ,"If we look at the world positively, every problem will always have a solution."
เขามีความสามารถในการแก้ปัญหาอย่างสร้างสรรค์ และมักจะมีไอเดียใหม่ใหม่ เสมอ,He can solve problems creatively and always has new ideas.
ฉันกำลังวางแผนจัดงานเลี้ยงวันเกิด คุณสนใจจะมาร่วมสนุกด้วยกันไหม,I am planning to organize a birthday party; are you interested in joining the fun?
การอ่านหนังสือหลากหลายแนวช่วยเปิดโลกทัศน์และความคิดสร้างสรรค์,Reading various genres of books helps open up our worldview and creativity.
ถ้าคุณรู้สึกเครียด ลองหากิจกรรมที่ชอบทำเพื่อผ่อนคลายดูสิ,"If you are feeling stressed, try doing activities you enjoy to relax."
แม้ว่าจะเป็นเรื่องยาก แต่ถ้าเราพยายามอย่างเต็มที่ ก็ไม่มีอะไรที่เป็นไปไม่ได้,"Even though it is difficult, if we try our best, nothing is impossible."
การจัดบ้านให้เป็นระเบียบ ช่วยให้เรารู้สึกสบายใจและหาของได้ง่ายขึ้น,Keeping the house organized helps us feel comfortable and find things more easily.
ฉันกำลังศึกษาเรื่องการลงทุน เพื่อให้เงินของฉันเติบโตในอนาคต,I am studying about investments to grow my money in the future.
การออกไปเดินชมธรรมชาติช่วยให้จิตใจสงบและลดความเครียด,Going for a nature walk helps calm the mind and reduce stress.
ฉันชอบทดลองทำเมนูใหม่ใหม่ ในครัว เพื่อค้นหาสูตรที่อร่อยและถูกใจ,I enjoy experimenting with new recipes in the kitchen to find delicious and favorite dishes.
แม้ว่าจะแพ้ แต่เราก็ควรภูมิใจในความพยายามที่ได้ทำเต็มที่แล้ว,"Even if we lose, we should be proud of the effort we have fully made."
เธอควรลองเขียนบันทึกประจำวัน เพื่อสะท้อนความคิดและความรู้สึกของตัวเอง,You should try keeping a journal to reflect on your thoughts and feelings.
ฉันอยากเรียนรู้การเล่นดนตรี เพื่อที่จะได้แสดงความรู้สึกผ่านเสียงเพลง,I want to learn to play music so I can express my feelings through melodies.
การได้พบปะเพื่อนเก่าเก่า ทำให้เรารู้สึกอบอุ่นและคิดถึงความทรงจำดีดี,Meeting old friends makes us feel warm and reminisce about good memories.
ถ้าเราตั้งใจฟังผู้อื่น เราจะเข้าใจและเรียนรู้จากพวกเขาได้มากขึ้น,"If we truly listen to others, we will understand and learn more from them."
ฉันชอบสะสมหนังสือเก่าเก่า เพราะมันมีคุณค่าและประวัติศาสตร์ที่น่าสนใจ,I like collecting old books because they have value and interesting history.
การออกกำลังกายกับเพื่อนเพื่อน สนุกกว่าและช่วยให้เรามีกำลังใจมากขึ้น,Exercising with friends is more fun and motivates us more.
เธอมีสูตรอาหารที่อยากจะแชร์กับฉันบ้างไหม ฉันกำลังหาสูตรใหม่ใหม่,Do you have any recipes you do like to share with me? I am looking for new ones.
การได้พักผ่อนในที่สงบสงบ ช่วยให้เราฟื้นฟูพลังงานและความคิดสร้างสรรค์,Resting in a peaceful place helps us recharge our energy and creativity.
เธอสนใจจะเข้าร่วมกิจกรรมอาสาสมัครกับฉันไหม มันเป็นประสบการณ์ที่ดีมาก,Are you interested in joining volunteer activities with me? It is a great experience.
ฉันชอบปลูกดอกไม้หลากสีสันในสวน เพราะมันทำให้บ้านสดใสและน่าอยู่,I like planting colorful flowers in the garden because it makes the house vivid and livable.
การเดินเล่นในสวนสาธารณะตอนเย็น เป็นวิธีที่ดีในการผ่อนคลายหลังเลิกงาน,Taking a walk in the park in the evening is a good way to relax after work.
เธอมีวิธีการจัดการกับความกังวลอย่างไรบ้าง แนะนำให้ฉันหน่อยได้ไหม,How do you deal with anxiety? Could you give me some advice?
การได้ออกไปสัมผัสธรรมชาติช่วยให้ฉันรู้สึกสดชื่นและมีพลังมากขึ้น,Getting out into nature makes me feel refreshed and more energetic.
ฉันชอบทดลองทำงานฝีมือ เพื่อสร้างสิ่งของที่มีคุณค่าและเอกลักษณ์,I enjoy trying out crafts to create items that are valuable and unique.
การเรียนรู้ประวัติศาสตร์ช่วยให้เราเข้าใจอดีตและนำมาปรับใช้ในปัจจุบัน,Learning history helps us understand the past and apply it to the present.
ฉันกำลังฝึกฝนการเขียน เพื่อที่จะได้ถ่ายทอดความคิดและเรื่องราวของตัวเอง,I am practicing writing so I can express my thoughts and stories.
การออกกำลังกายกลางแจ้งช่วยให้เราได้รับอากาศบริสุทธิ์และพลังงานจากธรรมชาติ,Exercising outdoors allows us to get fresh air and energy from nature.
ฉันหวังว่าเราจะได้พบกันอีกครั้งในเร็วเร็ว นี้ และได้พูดคุยกันมากขึ้น,I hope we meet again soon and have more conversations.
เมื่อวานฉันไปซื้อผักที่ตลาดและพบเพื่อนเก่าที่ไม่ได้เจอกันนาน,Yesterday I went to buy vegetables at the market and met an old friend I had not seen in a long time.
รถไฟฟ้าสายใหม่จะเปิดให้บริการพรุ่งนี้แต่ราคาตั๋วยังไม่ประกาศ,The new subway line will open tomorrow but the ticket prices have not been announced yet.
คุณควรใช้ครีมกันแดดก่อนออกไปข้างนอกเพราะแดดแรงมากช่วงนี้,You should use sunscreen before going outside because the sun is very strong these days.
เมื่อเธอเดินผ่านร้านขนมไทยกลิ่นมะพร้าวเผาส่งกลิ่นหอมจนต้องหยุดซื้อ,"When she walked past the Thai dessert shop, the smell of roasted coconut made her stop to buy some."
นักท่องเที่ยวคนนั้นกำลังถามทางไปวัดพระศรีรัตนศาสดารามด้วยสำเนียงฝรั่งเศสแปลกแปลก,That tourist is asking for directions to Wat Phra Kaew using a strange French accent.
ถ้าวันเสาร์ฝนไม่ตกเราจะไปปิกนิกที่สวนสาธารณะกันไหม,"If it does not rain on Saturday, should we go for a picnic at the public park?"
แม่บอกให้ฉันรีบซักผ้าเพราะว่ากลุ่มเมฆดำกำลังเคลื่อนเข้ามาใกล้,Mom told me to hurry up with the laundry because dark storm clouds were closing in.
แมวตัวนั้นกระโดดขึ้นไปบนต้นไม้แล้วร้องเสียงแจ้วเหมือนจะขอความช่วยเหลือ,That cat jumped up the tree and mewed shrilly as if asking for help.
เดี๋ยวฉันจะไปซื้อกาแฟที่ร้านแฟรนไชส์เปิดใหม่แล้วค่อยมารับเธอที่บ้านนะ,"I will go buy coffee from the new franchise shop first, then come pick you up at home."
ถ้าเธอไม่รีบร้อนเราอาจจะแวะเยี่ยมป้าที่โรงพยาบาลก่อนกลับบ้านก็ได้,"If you are not in a hurry, maybe we can visit your aunt at the hospital before going home."
เด็กนักเรียนกลุ่มนั้นกำลังซื้อปอเปี๊ยะร้อนร้อนจากร้านข้างถนนด้วยเสียงหัวเราะดัง,Those students are buying hot spring rolls from the street vendor with loud laughter.
ระหว่างรอรถเมล์เขาก็เปิดแอพเรียนภาษาไทยทำแบบฝึกหัดไปสามบทแล้ว,"While waiting for the bus, he opened the Thai learning app and completed three lessons."
ฟลุ๊คจริงจริงที่เจอเพื่อนเก่าในศูนย์การค้าแล้วเขายังจำชื่อเล่นฉันได้,What luck meeting my old friend at the mall who still remembered my nickname.
ถ้าไม่ใส่ใจสัญญาณไฟจราจรอาจเกิดอุบัติเหตุร้ายแรงได้โดยง่าย,Not paying attention to traffic lights could easily lead to serious accidents.
เธอควรตรวจสอบตารางรถไฟอีกครั้งเพราะอาจมีการเปลี่ยนแปลงฉับพลัน,You should double-check the train schedule as there might be sudden changes.
ระหว่างประชุมหัวหน้าโดนโทรศัพท์สายสำคัญทำให้ต้องลุกออกไปรับ,"During the meeting, the boss got an important call and had to go out to receive it."
แสงแดดแรงจัดทำให้ผ้าเปียกที่ตากไว้แห้งสนิทภายในสามชั่วโมงเท่านั้น,The strong sunlight dried the wet laundry completely in just three hours.
เด็กน้อยวิ่งพลาดเหยียบแอปเปิ้ลที่หล่นทำให้ลื่นล้มดังเปรี๊ยะ,The child tripped on a fallen apple while running and fell with a loud thud.
เอกสารไม่ครบอาจทำให้กระบวนการสมัครงานล่าช้าออกไป,Incomplete documents might delay the job application process significantly.
ระหว่างนั่งรถเขาก็เปิดเพลงไทยเดิมฟังแล้วพยายามร้องตามทำนอง,"While in the car, he played traditional Thai music and tried to sing along."
เธอต้องรีบตัดสินใจแล้วนะเพราะโปรโมชั่นนี้จะหมดอายุในอีกสองชั่วโมง,You need to decide quickly because this promotion expires in two hours.
แมวสีสวาทวิ่งไล่จับผีเสื้อกลางสวนจนชนกระถางแตกเสียงดังโครม,The gray cat chased butterflies in the garden and knocked over a pot with a crash.
ถ้าอากาศยังร้อนแบบนี้เราควรจะไปเที่ยวทะเลภาคใต้กันดีไหม,"If the weather stays this hot, should we go visit southern beaches?"
ขณะเดินผ่านตรอกมืดเขาได้ยินเสียงแมวร้องแบบน่าสงสาร,"Walking through the dark alley, he heard pitiful meowing from a cat."
คุณครูบอกให้นักเรียนเตรียมตัวสอบปลายภาคแต่ทุกคนยังเฉยเมย,The teacher told students to prepare for finals but everyone remained uninterested.
รถบรรทุกขนผลไม้พลิกคว่ำทำให้ถนนเลอะน้ำมะพร้าวทั้งสาย,A fruit truck overturned spilling coconut water all over the road.
เธอควรลองใส่ชุดไทยไปงานเลี้ยงดูสักครั้งจะได้ไม่เหมือนชาวต่างชาติ,You should try wearing a Thai costume to the party to avoid looking like a foreigner.
ระหว่างนั่งรออาหารเขาก็วาดภาพทิวทัศน์ด้วยปากกาลูกลื่นบนกระดาษทิชชู่,"While waiting for food, he sketched landscapes with ballpoint pen on napkins."
ถ้าไม่รีบแก้ไขปัญหาน้ำรั่วอาจทำให้ค่าน้ำเดือนนี้พุ่งสูงได้,"If we do not fix the water leakage quickly, this month's water bill might skyrocket."
ขณะปีนเขาพวกเขาเจอกับพายุฝนจึงต้องหาที่กำบังใต้หน้าผา,While hiking they encountered a rainstorm and had to shelter under a cliff.
เธอควรพักสายตาจากหน้าจอบ้างแล้วไปเดินเล่นข้างนอกสักสิบนาที,You should rest your eyes on the screen and walk outside for ten minutes.
เด็กชายวิ่งโวยวายเพราะโดนเพื่อนแย่งขนมจีบไปทั้งถุงแล้วหนีหาย,The boy yelled angrily when his friend stole his whole bag of snacks and ran away.
ระหว่างนั่งรถไฟเขาได้เจอเพื่อนร่วมงานเก่าที่ย้ายไปต่างจังหวัดนานแล้ว,"On the train, he met an old colleague who moved to another province years ago."
แสงแดดยามเช้าส่องผ่านหน้าต่างทำให้ห้องนอนสว่างจ้าขึ้นมาในทันที,Morning sunlight streaming through windows suddenly brightened the bedroom.
ขณะล้างจานเธอได้ยินเสียงโทรศัพท์ดังแต่ไม่ทันรับสายเพราะมือเปียก,While washing dishes she heard the phone ring but could not answer with wet hands.
รถบรรทุกขนเฟอร์นิเจอร์เก่าจอดขวางทางทำให้รถอื่นบีบแตรดังลั่น,A truck carrying old furniture blocking the road made other cars honk loudly.
เธอควรตรวจสอบสภาพรถก่อนเดินทางไกลเพื่อความปลอดภัยของทุกคน,You should check the car's condition before long trips for everyone's safety.
ฟลุ๊คจริงจริงที่เจอหนังสือหายากเล่มนี้ในร้านหนังสือมือสองเล็กเล็ก,What luck finding this rare book at a small secondhand bookstore.
ถ้าไม่รีบไปตอนนี้เราอาจจะเจอรถติดหนักที่ทางด่วนช่วงเย็น,If we do not leave now we might hit a traffic jam on the expressway this evening.
เด็กนักเรียนวิ่งเล่นในห้องโถงจนชนขวดน้ำล้มกระจายเปียกพื้น,Students running in the hall knocked over water bottles spilling everywhere.
ระหว่างประชุมทางวิดีโอมีเสียงสุนัขเห่าดังมาจากไมค์ของหัวหน้า,"During the video meeting, a loud dog was barking from the boss's microphone."
แสงไฟจากตึกสูงทำให้มองเห็นกลุ่มดาวได้ยากในเมืองใหญ่แบบนี้,City skyscraper lights make it hard to see star constellations in the metropolis.
ขณะนั่งรอรถไฟฟ้าเขาอ่านป้ายประกาศเรื่องตารางเดินรถที่เปลี่ยนใหม่,Waiting for the train he read notices about updated schedule changes.
เธอควรพักผ่อนบ้าง การทำงานติดต่อกันสิบชั่วโมงไม่ดีต่อสุขภาพ,You should rest already - working ten hours straight is not healthy.
ระหว่างเดินเที่ยวตลาดนัดได้ยินพ่อค้าร้องเรียกลูกค้าด้วยเสียงแผด,Walking through the flea market hearing vendors loudly calling customers.
ฟลุ๊คสุดสุดที่เจอเพื่อนร่วมชั้นเก่าในร้านตัดผมแถวบ้านหลังผ่านไปสิบปี,Incredible coincidence to meet an old classmate at a local barber shop after a decade.
ถ้าไม่ตรวจสอบสภาพอากาศก่อนออกเดินทางอาจเจอพายุแบบไม่ทันตั้งตัว,Not checking the weather forecast before traveling might catch you in an unexpected storm.
เด็กน้อยวิ่งตัดหน้าระหว่างที่ฉันกำลังขี่จักรยานจนเกือบเกิดอุบัติเหตุ,A kid suddenly ran in front of my bicycle nearly causing an accident.
ระหว่างทานข้าวเย็นครอบครัวก็คุยกันเรื่องทริปเที่ยวภูเขาในเดือนหน้า,"During dinner, the family discussed plans fora  mountain trip next month."
เธอควรจดบันทึกประจำวันเพื่อฝึกทักษะการเขียนภาษาไทยให้ดีขึ้น,You should write a diary to improve your Thai writing skills.
แสงไฟจากโทรศัพท์มือถือในที่มืดอาจทำลายสายตาได้ถ้าใช้ต่อเนื่อง,Phone screen light in darkness can damage eyesight with prolonged use.
ขณะวิ่งออกกำลังกายในสวนสาธารณะได้ยินเสียงนกร้องทักทายตามต้นไม้,Hearing birds greeting from trees while jogging in the park.
รถเมล์คันเก่าพุ่งผ่านแอ่งน้ำทำให้น้ำสกปรกกระเด็นใส่คนเดินถนน,An old bus splashed dirty water from puddles onto pedestrians.
เธอควรเตรียมเอกสารให้เรียบร้อยก่อนไปสัมภาษณ์งานวันพรุ่งนี้,You should prepare your documents properly before tomorrow's job interview.
ระหว่างดูหนังในโรงฉันได้ยินเสียงคนนอนกรนดังมาจากแถวหลังจนอดขำไม่ได้,"While watching a movie in the theater, I heard someone snoring loudly from the back row and could not help but laugh."
โชคดีที่เจอผู้จัดการบริษัทในลิฟต์แล้วได้โอกาสเสนอไอเดียใหม่,Fortunately meeting the company manager in the elevator to pitch a new idea.
ถ้าเราไม่รีบจองตั๋วรถไฟตอนนี้อาจเหลือแต่ที่นั่งชั้นสามในขบวนด่วน,"If we do not book train tickets now, we might only get third-class seats on the express."
เด็กนักเรียนชนกันที่ทางเดินจนหนังสือกระเด็นเต็มพื้นห้องเรียน,Students collided in the hallway scattering books across the classroom floor.
ระหว่างนั่งทำงานตอนดึกฉันได้ยินเสียงแมวข้างนอกร้องเหมือนทารกร้องไห้,"While working late at night, I heard a cat outside crying like a baby."
เธอควรตรวจสอบวันหมดอายุบนกล่องนมก่อนดื่มทุกครั้งเพื่อความปลอดภัย,You should always check the expiration dates on milk cartons before drinking.
แสงแฟลชจากกล้องถ่ายรูปทำให้ภาพที่ออกมามีสีสันผิดเพี้ยนไปบ้าง,Camera flash caused photo colors to appear slightly distorted.
ขณะเดินผ่านร้านขายสัตว์เลี้ยงผมเห็นลูกแมวขนฟูกำลังเล่นลูกบอลน่ารัก,"When passing a pet store, I saw a fluffy kitten playing a ball adorably."
เธอควรปรึกษาแพทย์ก่อนเริ่มโปรแกรมออกกำลังกายแบบเข้มข้นใหม่,You should consult a doctor before starting the new intense workout program.
ระหว่างนั่งรอรถเขาก็เขียนบทกวีเกี่ยวกับสายฝนที่โปรยปรายลงมา,"Waiting for the bus, he wrote a poem about drizzling rain."
โชคดีครั้งนี้ทำให้ได้พบนักเขียนชื่อดังในร้านหนังสือเล็กเล็กแห่งนั้น,This coincidence led to meeting a famous author at that small bookstore.
เด็กเด็กวิ่งเล่นซนในห้องโถงจนแม่ต้องมาตามกลับบ้านเพราะมืดแล้ว,Kids played naughtily in the hall until mom came to take them home at dark.
ระหว่างประชุมออนไลน์มีเสียงทารกของเพื่อนร่วมงานร้องแทรกอยู่ตลอด,The online meeting had a coworker's baby crying in the background constantly.
เธอควรทดลองใช้แอพแปลภาษานี้ดูจะช่วยฝึกทักษะการฟังได้ดี,You should try this translation app to improve your listening skills.
แสงจันทร์ส่องผ่านหน้าต่างทำให้เห็นเงาต้นไม้แกว่งไกวเหมือนมีชีวิต,Moonlight shining through the window made tree shadows sway like living things.
ขณะเดินขึ้นบันไดหล่อนได้ยินเสียงโทรศัพท์ดังแต่หยิบไม่ทันเพราะของเต็มมือ,"Walking upstairs, she heard the phone ring but could not grab it with full hands."
รถไฟความเร็วสูงวิ่งผ่านไปด้วยเสียงดังจนต้องปิดหูชั่วครู่,A bullet train passed by with a loud whoosh making us cover our ears momentarily.
เธอควรตรวจสอบราคาหลายร้านก่อนซื้อโทรศัพท์รุ่นใหม่จะได้ไม่เสียดาย,You should compare prices at multiple stores before buying a new phone model to avoid regretting it.
ระหว่างทานอาหารเย็นลุงได้ยินเสียงประทัดดังมาจากบ้านหลังถัดไปไม่หยุด,"During dinner, Uncle heard firecrackers popping continuously from a neighboring house."
ไม่น่าเชื่อที่เจอแหวนหายในสระว่ายน้ำหลังหายไปสามเดือน,Unbelievable finding the lost ring in the swimming pool after three months.
ถ้าไม่รีบซ่อมหลังคารั่วอาจทำให้เพดานเสียหายหนักในฤดูฝนนี้,"If not fixing the leaking roof quickly, the ceiling might get severely damaged this rainy season."
เด็กนักเรียนวิ่งชนป้ายเตือนจนล้มคว่ำลงบนทางเท้าทำให้เข่าถลอก,The student ran into a warning sign and fell on the sidewalk scraping his knee.
ระหว่างนั่งอ่านหนังสือใต้ต้นฉันไม้ได้ยินเสียงกระรอกกระโดดตามกิ่งไม้,"While reading a book under a tree, I heard the sound of a squirrel jumping on the branches."
เธอควรลองทำอาหารไทยสูตรดั้งเดิมดูจะได้รู้รสชาติแท้แท้,You should try cooking authentic Thai recipes to taste the real flavors.
แสงสีรุ้งปรากฏหลังฝนตกทำให้คนในที่ทำงานพากันออกมาถ่ายรูป,Rainbow light appeared after a rainstorm making coworkers come out to take photos.
ขณะเดินขึ้นเนินเห็นรถจักรยานยนต์เก่าจอดสนิทมีมอสขึ้นเต็มคัน,Saw an old motorcycle abandoned with moss growing when going up a hill.
รถบรรทุกขนของหนักทำถนนเป็นหลุมเป็นบ่อจนรถเล็กวิ่งลำบาก,Heavy trucks made roads full of potholes causing difficulty for small cars.
ระหว่างเดินเล่นชายหาดพวกเราพบเปลือกหอยสวยสวยที่คลื่นซัดขึ้นมาใหม่,"During the beach walk, we found beautiful seashells freshly washed up by waves."
ถ้าไม่รีบเก็บผลไม้สุกเดี๋ยวก็ถูกนกมากินเสียก่อนจะได้กินเอง,If not picking ripe fruits quickly birds will eat them before we do.
เด็กวิ่งเล่นซ่อนหาในซูเปอร์มาร์เก็ตจนเจ้าหน้าที่ต้องมาตักเตือน,Kids played hide-and-seek in a supermarket until a staff had to warn them.
ระหว่างนั่งรถไฟฟ้าพี่ชายเห็นนักท่องเที่ยวพยายามอ่านแผนที่อย่างงุนงง,Brother saw tourists struggling confusedly with map reading on the train.
เธอควรเรียนรู้คำศัพท์ใหม่ใหม่ทุกวันเพื่อพัฒนาทักษะภาษาไทย,You should learn new vocabulary daily to improve your Thai language skills.
แสงไฟนีออนสีสดใสในยามค่ำคืนทำให้เมืองดูมีชีวิตชีวา,Vibrant neon lights at night make the city look lively and energetic.
ขณะเดินผ่านโรงเรียนได้ยินเสียงเด็กเด็กร้องเพลงชาติตอนเช้า,Passing school hearing children singing the national anthem in the morning.
รถบรรทุกขนส่งสินค้าขับเร็วเกินกำหนดจนเกือบชนรถคันหน้า,A delivery truck speeding nearly collided with the car in front.
เธอควรวางแผนการเงินล่วงหน้าสำหรับการศึกษาลูกในอนาคต,You should make financial plans in advance for your children's future education.
ระหว่างทานอาหารกลางวันได้ยินข่าวพายุเข้าจากวิทยุในร้านอาหาร,"During lunch, I heard storm warning news from the restaurant's radio."
ถ้าไม่รีบส่งรายงานอาจทำให้คะแนนรวมปลายภาคลดลงได้,Not submitting the report promptly might lower final semester grades.
เด็กนักเรียนวิ่งแข่งกันในทางลาดชันจนคนหนึ่งสะดุดล้มเจ็บ,Students raced on steep slopes until one tripped and got hurt.
ระหว่างเดินทางไปทำงานได้ยินข่าวรถไฟล้อหลุดทางจากวิทยุ,I heard radio news about a train derailment during my commute.
เธอควรศึกษาวัฒนธรรมท้องถิ่นก่อนเดินทางไปต่างจังหวัด,You should study local culture before traveling to other provinces.
แสงอาทิตย์ยามเช้าส่องทะลุเมฆครึ้มทำให้วันใหม่เริ่มต้นด้วยความหวัง,The morning sun breaking through thick clouds brought a hopeful new day.
ขณะนั่งรอที่คลินิกได้ยินเสียงพยาบาลเรียกชื่อคนไข้ภาษาไทยยากยาก,"Waiting at a clinic, I heard a nurse calling patients with complicated Thai names."
รถเข็นขายผลไม้พลิกคว่ำตรงทางโค้งทำให้ส้มมะละกอกระจัดกระจาย,The fruit cart overturned on a curve scattering oranges and papayas everywhere.
เธอควรตรวจสอบข้อมูลหลายแหล่งก่อนแชร์ข่าวในโซเชียลมีเดีย,You should verify information from multiple sources before sharing news online.
ระหว่างวิ่งออกกำลังกายตอนเช้าเขาได้กลิ่นกาแฟหอมมาจากบ้านหลังหนึ่ง,"During his morning jog, he smelled a wonderful coffee aroma from a nearby house."
ถ้าไม่รีบแก้ไขข้อผิดพลาดในเอกสารอาจทำให้บริษัทเสียชื่อเสียง,Not correcting document errors promptly might damage the company's reputation.
เด็กเด็กวิ่งเล่นซนในห้องสมุดจนบรรณารักษ์ต้องออกมาตักเตือนหลายรอบ,Kids run and play mischievously in the library making the librarian come out to warn repeatedly.
ระหว่างประชุมนานาชาติมีปัญหาเรื่องระบบล่ามทำให้ต้องแก้ไขด่วน,The international conference had interpreter system issues needing an urgent fix.
เธอควรลองอาหารท้องถิ่นแบบดั้งเดิมเพื่อประสบการณ์ที่สมบูรณ์แบบ,You should try authentic local cuisine for a complete cultural experience.
แสงสุดท้ายของวันทอประกายสีส้มบนผิวน้ำทำให้ทะเลสวยงามแปลกตา,Twilight cast an orange glimmer on the water creating a surreal seascape.
ขณะเดินผ่านโบสถ์ได้ยินเสียงสวดมนต์และระฆังดังมาจากภายใน,Passing a church hearing chants and bell rings from inside.
รถบรรทุกเก่าขนเฟอร์นิเจอร์เสียหลักชนเสาไฟฟ้าทำให้ไฟดับทั้งซอย,An old furniture truck skidded into a power pole causing a blackout in the alley.
เธอควรเรียนรู้วิธีการปฐมพยาบาลเบื้องต้นไว้สำหรับกรณีฉุกเฉิน,You should learn basic first aid for emergencies.
ระหว่างทานข้าวค่ำครอบครัวเราก็คุยกันเรื่องประวัติศาสตร์ไทยสมัยโบราณ,"During family dinner, we talked about ancient Thai history topics."
ถ้าไม่รีบเปลี่ยนยางรถยนต์ที่สึกหรออาจเกิดอุบัติเหตุได้ง่าย,Not replacing worn tires promptly could easily lead to accidents.
เด็กนักเรียนวิ่งเล่นซ่อนหาในโกดังเก่าจนเจอของโบราณลึกลับ,Students playing hide-and-seek in an old warehouse found a mysterious artifact.
ระหว่างเดินท่องเที่ยวเกาะพวกเขาได้ยินเสียงคลื่นกระทบโขดหินดังก้อง,"During the island tour, they heard waves crashing loudly against rock formations."
เธอควรฝึกพูดภาษาไทยกับคนท้องถิ่นเพื่อพัฒนาการออกเสียง,You should practice Thai speaking with locals to improve your pronunciation.
แสงไฟจากตึกสูงระยิบระยับสะท้อนลงน้ำเหมือนดาวตกบนพื้นโลก,Skyscraper lights twinkle on water like fallen stars on Earth.
ขณะนั่งรอที่สนามบินได้ยินประกาศเปลี่ยนเกทอย่างกะทันหัน,Waiting at the airport hearing a sudden gate change announcement.
เธอควรสำรองข้อมูลสำคัญไว้ในคลาวด์เพื่อป้องกันการสูญหาย,You should backup important data to the cloud to prevent loss.
ระหว่างทานข้าวเที่ยงเด็กชายได้ยินเสียงนกร้องแปลกแปลกมาจากต้นไม้หลังอาคาร,"During lunch, the boy hears strange bird calls from the tree behind the building."
ฟลุ๊คเหลือเกินที่เจอสมุดบันทึกเก่าหายในตู้เซฟที่เพิ่งเปิด,Unbelievable luck finding a long-lost diary in a newly-opened safe.
ถ้าไม่รีบซ่อมรั้วบ้านที่พังอาจมีสัตว์ป่าเข้ามาในสวนได้,Not fixing broken fences quickly might let wild animals into the garden.
ได้ยินเสียงจักรยานยนต์ดัดแปลงดังแสบแก้วหู,Hearing loud modified motorcycle noise piercing eardrums.
เธอควรศึกษาประวัติศาสตร์ไทยเพื่อเข้าใจวัฒนธรรมได้ลึกซึ้งขึ้น,You should study Thai history to deeply understand cultural contexts.
แสงแรกของวันใหม่สาดส่องผ่านม่านทำให้ต้องลุกขึ้นและเตรียมตัวทำงาน,The first light of day flooded through the curtains making me get up and prepare for work.
ขณะเดินผ่านร้านขายสัตว์เลี้ยงเห็นปลาสีสวยว่ายวนในตู้กระจก,Passing a pet store and saw colorful fish swimming in circles in a glass tank.
รถบรรทุกขนส่งน้ำมันรั่วทำให้ถนนลื่นและมีกลิ่นเหม็นรุนแรง,An oil tanker leak made the road slippery with a strong unpleasant odor.
เธอควรตรวจสอบการสะสมของคราบสกปรกในเครื่องปรับอากาศบ้าง,You should check the air conditioner for accumulated dirt buildup.
ประชุมสำคัญถูกรบกวนโดยเสียงท้องร้องดังจากความหิว,Important meeting interrupted by loud stomach growl from hunger.
ถ้าไม่รีบเก็บข้าวของก่อนน้ำท่วมอาจเสียหายทั้งหมดภายในชั่วโมงเดียว,If not moving belongings before flood might lose everything within hours.
เด็กนักเรียนวิ่งแข่งเก็บขยะในสวนสาธารณะเพื่อกิจกรรมโรงเรียน,Students race to collect trash in the park for school activities.
ระหว่างเดินทางไปต่างจังหวัดเห็นทิวทัศน์ภูเขาและนาขั้นบันไดสวยงาม,Traveling to another province seeing beautiful mountain views and terraced rice fields.
เธอควรเรียนรู้การผ่อนคลายความเครียดด้วยวิธีการทางธรรมชาติ,You should learn natural stress relief techniques.
แสงเทียนในห้องมืดส่องเห็นเงาผนังโบราณเป็นรูปร่างประหลาด,Candlelight in a dark room cast strange shadows on ancient walls.
ขณะนั่งรถไฟผ่านป่าได้เห็นฝูงนกบินขึ้นพร้อมกันเป็นภาพน่าประทับใจ,"While riding the train through the forest, seeing flocks of birds take off together is an impressive sight."
รถบรรทุกขนส่งเก้าอี้พลิกคว่ำบนทางลาดชันจนถนนปิดชั่วคราว,A furniture truck carrying chairs overturned on a steep slope causing temporary road closure.
เธอควรเตรียมตัวรับมือกับภาวะเศรษฐกิจถดถอยที่อาจเกิดขึ้น,You should prepare for possible economic recession impacts.
ระหว่างทานอาหารที่ร้านริมทางเราได้ยินเสียงรถบรรทุกผ่านดังตลอด,"While eating at a roadside restaurant, we could always hear the loud sounds of trucks passing by."
ถ้าไม่รีบปรับปรุงระบบรักษาความปลอดภัยอาจถูกโจรกรรมได้ง่าย,Not improving the security system promptly might lead to easy burglaries.
ระหว่างนั่งรถโดยสารประจำทางดิฉันได้ยินเสียงคนขายของเร่ร้องประกาศ,"While riding the bus, I heard the sound of a hawker making announcements."
เธอควรเรียนรู้วิธีปลูกผักสวนครัวไว้กินเองเพื่อประหยัดค่าใช้จ่าย,You should learn vegetable gardening to save on grocery costs.
แสงไฟหน้าจอคอมพิวเตอร์ในห้องมืดทำให้ปวดตาจนต้องพักการทำงาน,Computer screen glare in the dark room caused eye strain needed break.
ขณะเดินผ่านตลาดสดได้กลิ่นเครื่องเทศและสมุนไพรไทยหอมกรุ่น,Walking through the fresh market smelled aromatic Thai herbs and spices.
รถบรรทุกขนส่งอุปกรณ์ก่อสร้างหลุดลุกลงมาทำให้ถนนปิดฉุกเฉิน,Construction material truck spilled cargo causing emergency road closure.
เธอควรสำรวจตัวเองเป็นประจำเพื่อพัฒนาตัวอยู่เสมอ,You should regularly self-reflect for continuous personal improvement.
ระหว่างประชุมทางไกลได้ยินเสียงฟ้าร้องดังจนต้องหยุดคุยชั่วครู่,The video conference was interrupted by loud thunder resulting in a pause.
ฉันชอบกินข้าวผัดกับไก่ทอดและน้ำจิ้มแจ่วมากมาก,I like eating fried rice with fried chicken and spicy dipping sauce.
ถ้าคุณมีเวลาว่างพรุ่งนี้ เราไปดูหนังเรื่องใหม่ที่เพิ่งเข้าฉายกันเถอะ,"If you are free tomorrow, let's go watch the new movie that just came out."
เราควรวางแผนการเดินทางให้ดีเพื่อไม่ให้เกิดปัญหาในภายหลัง,We should plan the trip well to avoid problems later on.
แมวน้อยของฉันชอบเล่นลูกบอลสีแดงที่ฉันซื้อให้เมื่อวานนี้,My little cat loves to play with the red ball I bought her yesterday.
ในช่วงวันหยุดยาวนี้ ฉันอยากไปเที่ยวทะเลและพักผ่อนริมชายหาด,"During this long holiday, I want to go to the sea and relax on the beach."
เมื่อคืนฝนตกหนักมาก ทำให้ถนนลื่นและต้องขับรถอย่างระมัดระวัง,"It rained heavily last night, making the roads slippery, so we have to drive carefully."
ฉันกำลังอ่านหนังสือที่น่าสนใจมากเกี่ยวกับประวัติศาสตร์ไทย,I am reading a very interesting book about Thai history.
เด็กเด็ก ชอบเล่นซ่อนหาที่สนามเด็กเล่นหลังโรงเรียน,Children like to play hide and seek at the playground behind the school.
การออกกำลังกายเป็นประจำช่วยให้สุขภาพแข็งแรงและจิตใจสดใส,Regular exercise helps keep the body healthy and the mind fresh.
ฉันฝันว่าได้เดินทางไปยังที่ที่ไม่เคยไปมาก่อนและพบประสบการณ์ใหม่ใหม่,I dreamed of traveling to places I do never been and having new experiences.
เสียงนกร้องตอนเช้าทำให้ฉันรู้สึกสงบและมีความสุข,The sound of birds singing in the morning makes me feel calm and happy.
ถ้าเราตั้งใจทำงาน ผลลัพธ์ที่ดีก็จะตามมาเอง,"If we work diligently, good results will follow."
คุณเคยลองทำอาหารไทยแบบดั้งเดิมด้วยตัวเองบ้างไหม,Have you ever tried cooking traditional Thai food by yourself?
การเดินป่าในธรรมชาติทำให้เราได้สัมผัสกับสิ่งที่สวยงามและเรียนรู้จากธรรมชาติ,Hiking in nature allows us to experience beauty and learn from the environment.
ฉันซื้อดอกไม้สีสดใสมาแต่งบ้านให้ดูมีชีวิตชีวาขึ้น,I bought bright flowers to decorate the house and make it more lively.
แม่น้ำสายนี้ไหลผ่านหมู่บ้านของเราและเป็นแหล่งน้ำสำคัญ,This river flows through our village and is an important water source.
ฉันหวังว่าวันหนึ่งจะมีโอกาสไปเยือนประเทศที่ฝันไว้,I hope that one day I will have a chance to visit the country I have dreamed of.
ความสุขไม่ได้อยู่ที่ว่าเรามีอะไร แต่อยู่ที่ว่าเรารู้สึกอย่างไรกับสิ่งที่มี,Happiness does not lie in what we have but in how we feel about what we have.
เด็กชายกำลังวิ่งเล่นกับสุนัขของเขาอย่างสนุกสนานในสวนหลังบ้าน,The boy is happily playing with his dog in the backyard.
เพื่อนของฉันชอบถ่ายรูปและเดินทางไปสถานที่ใหม่ใหม่ เสมอ,My friend loves taking photos and always travels to new places.
เราไม่สามารถเปลี่ยนอดีตได้ แต่เราสามารถสร้างอนาคตที่ดีขึ้นได้,"We can not change the past, but we can create a better future."
การทำสมาธิเป็นวิธีที่ดีในการฝึกจิตใจและเพิ่มสมาธิ,Meditation is a good way to train the mind and increase concentration.
ฉันกำลังศึกษาเกี่ยวกับวัฒนธรรมและประเพณีของประเทศต่างต่าง,I am studying about the cultures and traditions of various countries.
เมื่อฟังเสียงคลื่นที่ซัดเข้าหาฝั่ง ฉันรู้สึกสงบและผ่อนคลาย,"When I hear the waves crashing on the shore, I feel calm and relaxed."
เราควรรับประทานอาหารที่มีประโยชน์เพื่อสุขภาพที่ดี,We should eat nutritious food for good health.
ในยามค่ำคืน ดาวบนท้องฟ้าส่องแสงระยิบระยับสวยงามมาก,"At night, the stars in the sky shine beautifully."
ฉันอยากเรียนรู้การทำขนมไทยเพื่อรักษาวัฒนธรรมของเรา,I want to learn how to make Thai desserts to preserve our culture.
การวางแผนการเงินที่ดีจะช่วยให้เรามีความมั่นคงในอนาคต,Good financial planning will help us have stability in the future.
ฉันชอบดื่มชาร้อนกับขนมปังปิ้งในตอนเช้า,I like to drink hot tea with toast in the morning.
การพูดคุยกับคนที่เรารักช่วยให้เราเข้าใจกันมากขึ้น,Talking with the ones we love helps us understand each other better.
ฉันกำลังวางแผนจะไปเยี่ยมปู่ย่าที่ชนบทในวันหยุดนี้,I am planning to visit my grandparents in the countryside this holiday.
เธอกำลังฝึกซ้อมอย่างหนักเพื่อการแข่งขันที่จะมาถึง,She is training hard for the upcoming competition.
ฉันหวังว่าสักวันหนึ่งจะได้เห็นโลกทั้งใบและสัมผัสวัฒนธรรมต่างต่าง,I hope that one day I will see the whole world and experience different cultures.
การรักษาสุขภาพจิตเป็นสิ่งสำคัญไม่แพ้สุขภาพกาย,Maintaining mental health is just as important as physical health.
แม้ว่าเราจะพบกับอุปสรรค แต่เราก็ไม่ควรยอมแพ้ต่อความฝันของเรา,"Even though we face obstacles, we should not give up on our dreams."
ถ้าเรามีความกรุณาและเอาใจใส่ต่อผู้อื่น โลกจะน่าอยู่ขึ้น,"If we are kind and caring to others, the world will be a better place."
เสียงฝนที่ตกลงบนหลังคาทำให้ฉันนอนหลับสบายขึ้น,The sound of rain falling on the roof helps me sleep better.
เมื่อถึงเวลาพักผ่อน เราควรวางงานลงและให้เวลากับตนเองบ้าง,"When it is time to rest, we should put work aside and give ourselves some time."
ฉันกำลังเก็บเงินเพื่อซื้อของขวัญพิเศษให้กับคนที่ฉันรัก,I am saving money to buy a special gift for someone I love.
เราสามารถเปลี่ยนแปลงโลกได้ด้วยการเริ่มต้นจากสิ่งเล็กเล็ก,We can change the world by starting with small things.
ถ้าเรามีความมั่นใจและกล้าที่จะเสี่ยง เราอาจพบกับโอกาสใหม่ใหม่,"If we have confidence and dare to take risks, we might find new opportunities."
ฉันชอบอ่านบทกวีเพราะมันมีความหมายลึกซึ้งและสวยงาม,I like reading poetry because it has deep meaning and beauty.
การใช้เวลาร่วมกับครอบครัวเป็นสิ่งที่มีคุณค่าและสำคัญมาก,Spending time with family is valuable and very important.
ฉันหวังว่าวันนี้จะเป็นวันที่ดีและมีสิ่งดีดี เกิดขึ้น,I hope today will be a good day with good things happening.
การวาดภาพทำให้ฉันได้แสดงความคิดสร้างสรรค์และจินตนาการ,Drawing allows me to express creativity and imagination.
เมื่อเรามีเพื่อนที่ดี ชีวิตก็จะเต็มไปด้วยความสุขและเสียงหัวเราะ,"When we have good friends, life is full of happiness and laughter."
ฉันกำลังฟังเพลงโปรดขณะที่เดินเล่นตามถนนที่เงียบสงบ,I am listening to my favorite song while walking down a quiet street.
ถ้าเรามีความรักและความเข้าใจต่อกัน ความสัมพันธ์จะยั่งยืน,"If we love and understand each other, the relationship will last."
การเรียนรู้จากประสบการณ์ทำให้เราเป็นคนที่แข็งแกร่งขึ้น,Learning from experiences makes us stronger people.
ฉันชอบชมพระจันทร์เต็มดวงที่ส่องแสงสว่างบนท้องฟ้ายามค่ำคืน,I love watching the full moon shining brightly in the night sky.
การให้กำลังใจผู้อื่นเป็นสิ่งที่ทำให้โลกนี้น่าอยู่ขึ้น,Encouraging others is something that makes the world a better place.
ฉันกำลังเตรียมตัวสำหรับการสอบสำคัญที่จะเกิดขึ้นในสัปดาห์หน้า,I am preparing for an important exam coming up next week.
การนำเสนอผลงานต่อหน้าผู้คนมากมายทำให้ฉันรู้สึกตื่นเต้นและท้าทาย,Presenting my work in front of many people makes me feel excited and challenged.
ถ้าเรามีความสุขกับสิ่งที่เรามี ชีวิตก็จะเรียบง่ายและมีความสุข,"If we are happy with what we have, life will be simple and joyful."
ฉันหวังว่าวันพรุ่งนี้จะเป็นวันที่สดใสและเต็มไปด้วยโอกาสใหม่ใหม่,I hope tomorrow will be a bright day filled with new opportunities.
การเต้นรำเป็นวิธีที่ดีในการออกกำลังกายและสนุกสนานไปพร้อมกัน,Dancing is a great way to exercise and have fun at the same time.
การเขียนบันทึกช่วยให้เราได้สะท้อนความคิดและความรู้สึกของตนเอง,Writing a journal helps us reflect on our thoughts and feelings.
ฉันตั้งใจว่าจะลองทำสิ่งใหม่ใหม่ ที่ไม่เคยทำมาก่อนเพื่อเปิดประสบการณ์,I intend to try new things I have never done before to gain new experiences.
ถ้าเรามีความศรัทธาและเชื่อมั่นในตนเอง เราจะสามารถผ่านพ้นทุกปัญหาได้,"If we have faith and believe in ourselves, we can overcome all problems."
การแบ่งปันความรู้และประสบการณ์กับผู้อื่นเป็นสิ่งที่มีคุณค่า,Sharing knowledge and experiences with others is valuable.
ฉันกำลังคิดถึงสถานที่ที่เคยไปและความทรงจำดีดี ที่เกิดขึ้นที่นั่น,I am thinking about places I have been and the good memories that happen there.
เมื่อเรายิ้ม โลกก็จะยิ้มกลับมาให้เรา,"When we smile, the world smiles back at us."
ตอนนี้ฉันกำลังเขียนทรานสคริปต์ยาวยาว เพื่อเตรียมประชุมกับเพื่อนร่วมงานนะ,"Right now, I am writing a long transcript to prepare for a meeting with my colleagues."
ฉันรู้สึกท้องเฟ้อเล็กน้อยหลังอาหารเที่ยง แต่ก็ยังพอสามารถทำงานต่อได้นะ,"I feel a bit bloated after lunch, but I can still keep working."
ถ้าคุณสมัครสมาชิกวันนี้ คุณจะได้รับของสมนาคุณฟรี และอาจได้ส่วนลดเพิ่มด้วยนะ,"If you subscribe today, you will get gifts and possibly an additional discount."
เหล็กชิ้นนี้เพิ่งถูกหลอมเสร็จ และมันยังร้อนอยู่มากนะ,"This piece of metal was just melted, and it is still very hot."
เมื่อวานฉันฟลุคเจอเงินหล่นอยู่ที่สวนเลยเอาไปคืนเจ้าของ,"Yesterday, I luckily found some money dropped in the park and returned it to its owner."
ฉันเคยเดินทางไปฝรั่งเศสเมื่อปีที่แล้ว และชอบรสชาติของขนมปังที่นั่นมาก,I traveled to France last year and really loved the taste of the bread there.
เธอใส่ชุดใหม่วันนี้แล้วดูเริ่ดมาก ทุกคนชมไม่หยุดเลยนะ,"She wore a new outfit today and looked absolutely fabulous, everyone kept praising her."
อย่าทำให้เขายัวะไปกว่านี้เลยนะ เพราะเขาดูเครียดอยู่แล้ว,Do not make him any angrier because he already seems stressed.
ฉันกำลังฝึกใช้สแลงภาษาอังกฤษ เพื่อให้สื่อสารกับเพื่อนต่างชาติได้ดีขึ้น,I am practicing English slang so I can communicate better with my foreign friends.
แม่ตีมือลูกเบาเบา เพียงครั้งเดียว แล้วบอกว่าเพียะเดียวก็พอให้จำได้,The mother lightly slapped her child's hand once and said that was enough for them to remember.
ถ้าเราวางแผนล่วงหน้าให้ดี เราจะมีเวลาเหลือสำหรับกิจกรรมอื่นอื่น ด้วย,"If we plan ahead properly, we will have time left for other activities too."
เมื่อวานฉันตื่นสายเพราะนาฬิกาปลุกเสีย จึงรีบออกจากบ้านแทบไม่ทัน,"Yesterday I woke up late because my alarm clock was broken, so I had to rush out of the house."
ดอกไม้ในสวนกำลังบานสวยมาก ฉันถ่ายรูปเก็บไว้เป็นที่ระลึกหลายใบ,"The flowers in the garden are blooming beautifully, and I took several photos as souvenirs."
เพื่อนของฉันเรียนภาษาจีนอยู่ และพวกเขาก็ฝึกสนทนากันทุกเย็น,"My friend is studying Chinese, and they practice speaking it every evening."
คืนนี้ฉันว่าง อยากนัดเพื่อนออกไปกินข้าวและคุยกันสบายสบาย,I am free tonight; I do like to meet friends for dinner and have a casual chat.
เวลาโกรธ ฉันพยายามหายใจลึกลึก เพื่อระงับอารมณ์ก่อนพูดจา,"When I get angry, I try taking deep breaths to calm down before speaking."
ฉันต้องทำชิ้นงานส่งพรุ่งนี้ แต่ยังทำไม่เสร็จเลย คงต้องอดนอน,"I have a project due tomorrow, but I am not finished yet, so I will likely have to stay up late."
เพิ่งรู้ว่าการปลูกผักสวนครัวในบ้านเป็นเรื่องสนุกและช่วยประหยัดค่าใช้จ่าย,I just realized that growing kitchen herbs at home is fun and helps save money.
เรามาช่วยกันวางแผนทริปปีใหม่ล่วงหน้า เผื่อจองที่พักราคาถูกทัน,Let's plan our New Year trip in advance so we can book cheaper accommodations in time.
เมื่อวานฉันเจอลูกแมวจรที่ดูหิวโซ เลยให้อาหารและน้ำไปก่อน,"Yesterday, I found a stray kitten that looked hungry, so I gave it some food and water."
ฉันกำลังฝึกเล่นกีตาร์เพลงใหม่ แต่ยังจับคอร์ดไม่ค่อยถนัดเลย,"I am practicing a new guitar song, but I am still struggling with the chords."
เคยไปประเทศญี่ปุ่นมาแล้วประทับใจซูชิมาก อยากกลับไปอีกครั้ง,"I once visited Japan and was impressed by the sushi, so I want to go back again."
ฉันเรียนว่ายน้ำทุกสุดสัปดาห์เพราะอยากแข็งแรงและลดความเครียด,I take swimming lessons every weekend because I want to be stronger and reduce stress.
ถ้าคุณเครียด ลองออกไปเดินเล่นช้าช้า ในสวน เพื่อรับอากาศบริสุทธิ์,"If you are stressed, try taking a slow walk in the park to get some fresh air."
ฉันกำลังลดการใช้พลาสติก โดยพกถุงผ้าเวลาไปซื้อของทุกครั้ง,I am reducing plastic use by carrying a fabric bag whenever I go shopping.
วันนี้มีประชุมสำคัญตอนบ่าย อย่าลืมเตรียมข้อมูลให้ครบถ้วนนะ,"There is an important meeting this afternoon, so do not forget to prepare all the necessary information."
เมื่อวานฉันฟังเพลงโปรดเก่าเก่า แล้วย้อนคิดถึงช่วงเวลาที่ผ่านมา,Yesterday I listened to old favorite songs and reminisced about the past.
ฉันเพิ่งอ่านหนังสือเล่มใหม่ของนักเขียนคนโปรด และมันสนุกมาก,"I just read a new book by my favorite author, and it was really enjoyable."
แม้ว่าวันนี้จะเหนื่อย แต่ฉันจะไม่ยอมแพ้ เพราะอยากทำความฝันให้เป็นจริง,"Even though I am tired today, I will not give up because I want to make my dream come true."
ถ้าคุณอยากปรับปรุงภาษาอังกฤษ ลองฟังพอดแคสต์หรือดูหนังแบบมีคำบรรยาย,"If you want to improve your English, try listening to podcasts or watching movies with subtitles."
ฉันกำลังคิดจะซื้อจักรยานใหม่ เพราะคันเก่าเริ่มพังและซ่อมยากแล้ว,I am thinking about getting a new bicycle because my old one is breaking down and is hard to fix.
การเขียนบันทึกประจำวันเป็นวิธีที่ดีในการจัดระเบียบความคิดและเป้าหมาย,Keeping a daily journal is a good way to organize your thoughts and goals.
ถ้าเจอปัญหาที่ยากเกินแก้คนเดียว ให้ลองปรึกษาเพื่อน เพื่อลดความกดดัน,"If you encounter a problem that is too difficult to solve alone, try consulting a friend to reduce the pressure."
คืนนี้ฉันจะนอนเร็วขึ้น เพราะต้องการพักผ่อนให้เพียงพอสำหรับวันพรุ่งนี้,Tonight I am going to sleep earlier because I need enough rest for tomorrow.
ผู้จัดการขอให้ผมอ่านทรานสคริปต์ประชุมเสียงดังดัง เพื่อให้ทุกคนได้ยิน,The manager asked me to read the meeting transcript aloud so everyone could be heard.
เธอได้รับบัตรเข้าชมนิทรรศการฟรี แถมยังมีของว่างแจกระหว่างเดินชมด้วย,"They received a free ticket to the exhibition, plus there were snacks available while touring."
เพื่อนชวนไปกินปอเปี๊ยะทอดกรอบหลังเลิกงาน แต่ผมยังติดประชุมอยู่นิดหน่อย,"A friend invited me to eat crispy spring rolls after work, but I am still stuck in a meeting for a bit."
เด็กเด็ก วิ่งไล่กันเสียงดังโว้ยวายจนเพื่อนบ้านต้องออกมาดูหน้าบ้าน,"The kids were running around noisily, so the neighbors stepped outside to see what was happening."
เจ้านายกำชับว่าอย่าให้ยอดขายดร็อปลงอีก เพราะจะกระทบโบนัสปลายปี,The boss stressed not to let sales drop any further because it would affect the year-end bonus.
ชุดออกงานที่เลือกไว้นั้นดูเริ่ดมาก แถมสีก็เข้ากับผิวได้ดีเลย,"The outfit chosen for the event looks fabulous, plus the color really suits the skin tone."
บางครั้งเพื่อนข้างบ้านก็ตะโกนเสียงดังจนคนแถวนั้นยัวะขึ้นมาเลย,Sometimes the neighbor next door shouts so loudly that people around here get angry.
ลูกแมวตัวเล็กกระโดดเพียะขึ้นบนโซฟา แล้วจ้องมองอาหารอยู่ตรงหน้า,A small kitten jumped right onto the sofa and stared at the food in front of it.
แน่ะ จะไปไหนล่ะ อย่าลืมโทรบอกคนที่บ้านก่อนไปด้วย,"Hey, where are you going? Do not forget to call and let the people at home know first."
พวกเขาวางแผนไปดูหนังรอบดึก แต่กลัวว่าวันถัดไปจะตื่นสายจังเลย,"They planned to watch a late-night movie, but they are worried about oversleeping the next day."
งานวันเกิดของหัวหน้าจัดใหญ่โต มีอาหารหลากหลายและดนตรีเพราะมาก,"The boss's birthday party was huge, offering plenty of food and really good music."
ผมตื่นเต้นที่จะได้ลองขับไดรฟ์เทสรถคันใหม่อาทิตย์หน้า,I am excited to take the new car for a test drive next week.
ผู้ช่วยเพิ่งกดเบรกกระทันหันบนถนนลื่น โชคดีที่รถตามหลังไม่ชน,"The assistant suddenly hit the brakes on the slippery road, and luckily the car behind did not crash."
ผมนั่งอ่านหนังสือบนระเบียง แล้วลมก็พัดเอื่อยเอื่อย ชวนให้เคลิ้มหลับ,"I was reading outside on the balcony, and the gentle breeze made me almost fall asleep."
ร้านกาแฟแห่งนี้กำลังจะมีแฟลชเซลล์พรุ่งนี้ จึงเตรียมโปรโมชันลดราคาเยอะ,"This coffee shop will have a flash sale tomorrow, so they are preparing many discount promotions."
หากบินไปบราซิลช่วงหน้าร้อน ควรเตรียมเสื้อผ้าบางบาง ไปด้วย,"If you are flying to Brazil in the summer, you should bring light clothing."
หากพยายามพูดภาษาอังกฤษให้คล่อง ควรฟังพอดแคสต์ฟรีทางออนไลน์,"If trying to speak English fluently, it is good to listen to free online podcasts."
ดีไซเนอร์ให้ผมตรวจดราฟท์ล่าสุด ก่อนจะส่งงานจริงภายในวันนี้,The designer asked me to review the latest draft before submitting the final work today.
เธอยืนทำปอเปี๊ยะในครัวตั้งแต่เช้า จนตอนนี้ได้กลิ่นหอมฟุ้งทั่วบ้าน,"She is been making spring rolls in the kitchen since morning, and now the smell is wafting throughout the house."
ดูสิ ลูกสุนัขตัวนั้นพยายามแบกของหนักจนทำหน้าตาตลก,"Look, that puppy is trying to carry something heavy and making a funny face."
เมื่อพบปัญหาใหญ่ ควรปรึกษาเพื่อนในทีมเพื่อหาแนวทางแก้ไขร่วมกัน,"When encountering a big problem, it is wise to consult teammates to find a collective solution."
หากอารมณ์ยัวะเกินไป ลองเดินออกไปสูดอากาศข้างนอกสักครู่เพื่อสงบสติ,"If you feel excessively angry, try stepping outside for a moment to calm yourself."
เธอวางแผนทำสรุปรายงานให้เริ่ดที่สุด เพื่อให้ผู้บริหารประทับใจ,They plan to make the report summary as splendid as possible to impress the executives.
ถ้าต้องหลอมโลหะ ให้เตรียมอุปกรณ์ป้องกันและตรวจสอบความปลอดภัยอย่างเคร่งครัด,"If you need to melt metal, prepare protective gear and follow strict safety checks."
เพื่อนซื้อรองเท้าเกี๊ยะมาใส่เล่นในบ้าน เพราะชอบเสียงเปรี๊ยะเวลาก้าวเดิน,A friend bought wooden clogs to wear at home because they like the 'priap' sound when walking.
รถขนของชนเบรกกะทันหันจนกล่องพลัดตกมาหลายใบเลยนะ,"The delivery truck suddenly braked, causing several boxes to topple off."
บัณฑิตใหม่อยากขอคำแนะนำจากผู้มีประสบการณ์ เพื่อหางานได้เร็วขึ้น,A new graduate seeks advice from experienced people to find a job faster.
พวกเขากำลังวางแผนจัดแฟรนไชส์กาแฟเล็กเล็ก ใกล้สถานีรถไฟฟ้า,They are planning to open a small coffee franchise near the Skytrain station.
ฟลายบอร์ดกลางทะเลดูน่าตื่นเต้นมาก แต่น่าจะต้องฝึกบาลานซ์เยอะ,"Flyboarding in the ocean looks very exciting, but it likely requires lots of balance practice."
ลุกขึ้นมายืดเส้นยืดสายบ้าง เพราะนั่งหน้าคอมพิวเตอร์นานอาจปวดหลังได้นะ,"Stand up and stretch occasionally, because sitting at the computer for too long might cause back pain."
หากใจผ่อนคลาย การทำงานก็จะไหลลื่นเหมือนน้ำไหลในลำธารดีดี,"If your mind is relaxed, the work will flow smoothly like water in a gentle stream."
เมื่อต้องเขียนทรานสคริปต์ยาวยาว อย่าลืมพักสายตาและจิบน้ำเป็นระยะ,"When you need to write a long transcript, do not forget to rest your eyes and sip water periodically."
คนส่วนใหญ่คิดว่าโปรเจกต์นี้ต้องใช้ไฮโดรพาวเวอร์เยอะ แต่ต้องรอผลวิจัยก่อน,"Most people think this project will require a lot of hydropower, but we have to wait for the research results first."
บอสเสนอให้ใช้หลอดฟลูออเรสเซนต์แทนหลอดเก่า เพื่อประหยัดพลังงานในออฟฟิศ,The boss suggested using fluorescent lamps instead of the old bulbs to save energy in the office.
เธอรู้สึกท้องเฟ้อเล็กน้อย หลังดื่มชานมไข่มุกมากเกินไป,She felt slightly bloated after drinking too much bubble tea.
ครั้งนี้จะมีโปรโมชั่นฟรี สำหรับลูกค้าที่ลงทะเบียนแฟรนไชส์ใหม่,This time there will be a free promotion for customers registering a new franchise.
เมื่อคืนเธอผอยหลับไป หลังจากฟังเพลงเบาเบา ในห้อง,Last night she dozed off after listening to soft music in the room.
เขาโวยออกมาเบาเบา เพราะตกใจเสียงประทัดเมื่อคืน,He exclaimed softly out of surprise from the fireworks last night.
แม่บ้านยัวะนิดหน่อย เพราะห้องครัวเลอะเทอะเกินที่จะทำอาหารเช้า,The housekeeper got slightly annoyed because the kitchen was too messy to cook breakfast.
ที่ประชุมวันนี้ถือว่าเริ่ดมาก เพราะทุกคนเตรียมข้อมูลมาอย่างดี,Today's meeting was fabulous because everyone prepared their data very well.
เธอลองใช้หลอดฟลูออเรสเซนต์ชนิดใหม่หรือยัง มันช่วยประหยัดพลังงานได้ดีทีเดียว,Have you tried the new fluorescent lamp type yet? It saves energy quite well.
เช้านี้ พวกเขาพยายามไม่ให้เกิดดราฟท์เอกสารซ้ำซ้อน เพื่อเลี่ยงการสับสน,"This morning, they tried to avoid creating duplicate drafts to prevent confusion."
บางคนลงทุนระบบไฮโดรฟาร์ม เพื่อปลูกผักปลอดสารเคมีในโรงเรือน,Some people invest in a hydro-farm system to grow chemical-free vegetables indoors.
ถ้าเหนื่อยมาก ลองฟังเพลงฟรีสไตล์ดูสิ เพราะมันช่วยคลายเครียดได้ดี,"If you are very tired, try listening to freestyle music because it helps relieve stress."
บางครั้งแฟรนไชส์กาแฟก็มีโปรลดราคา แต่ต้องเช็กรายละเอียดล่วงหน้า,"Sometimes coffee franchises have discounts, but you need to check details in advance."
ท่ามกลางเสียงดนตรี ผมเผลอเย้ยเขาไปนิดนึงเรื่องร้องเพลงเพี้ยน,"Amid the music, I accidentally teased them about singing off-key."
บางทีผมก็ต้องเบรกตัวเองไม่ให้ซื้อขนมหวานเยอะ เพื่อรักษาสุขภาพ,Sometimes I have to break myself from buying so many sweets to stay healthy.
เดี๋ยวจะเล่าเรื่องบราซิลกับแฟรนไชส์อาหารให้ฟังทีหลังนะ เผื่อได้ไอเดียลงทุน,"I will share the story about Brazil and a food franchise later, in case you get investment ideas."
ตอนเช้าอ่านทรานสคริปต์บนโต๊ะแล้วรู้สึกว่าบางคำยากจัง,"In the morning, I read the transcript on the table and found some words quite difficult."
เขารับประทานอาหารแปลกแปลก จนท้องเฟ้อ เจ็บท้องนิดหน่อยแต่ยังไม่ไปหาหมอ,"They ate some unusual food and got bloated, feeling minor stomach pain but have not seen a doctor yet."
เธอบอกว่ามีของฟรีแจกในงานเทศกาล และยังมีดนตรีสดให้ฟังอีกด้วย,"She said there is free stuff being given away at the festival, plus there is live music."
เมื่อวานลองทำปอเปี๊ยะใส้ผัก แต่ได้ยินเสียงเปรี๊ยะตอนทอดเลยต้องระวังน้ำมันกระเด็น,"Yesterday, they made vegetarian spring rolls but heard a sizzling sound while frying and had to watch out for splattering oil."
รถติดน่ารำคาญมากโว้ย ทำให้ฉันถึงที่ประชุมช้ากว่ากำหนด,Traffic was so frustrating that I arrived late to the meeting.
ผมรู้สึกฟลุคจริงจริง ที่ได้ตั๋วคอนเสิร์ตแถวหน้าในราคาลดพิเศษ,I feel really lucky to get front-row concert tickets at a discounted price.
พวกเขาฝึกพูดภาษาฝรั่งเศสเตรียมไปฝรั่งเศสปีหน้า เพราะอยากเที่ยวแบบไม่ติดขัด,"They are practicing French to go to France next year, aiming to travel smoothly."
เพื่อนที่รักแฟชั่นใส่ชุดออกงานได้เริ่ดสุดสุด จนทุกคนชมไม่หยุด,A friend who loves fashion wore a stunning outfit that drew nonstop compliments.
คุณอาจยัวะได้ถ้าโดนใครพูดจาหยาบคายใส่ต่อหน้า,You might get really angry if someone speaks rudely to you in person.
งานอีเวนต์วันนี้ใช้สแลงกันเยอะ จนบางครั้งฟังก็ขำดี,"The event today features a lot of slang, sometimes making it quite funny to hear."
แน่ะ อย่าลืมใส่หน้ากากก่อนขึ้นรถไฟ เพราะเป็นกฎที่เคร่งครัด,"Hey, do not forget to wear a mask before boarding the train, as it is strictly required."
พวกเขาลองซื้อแฟรนไชส์อาหารเพื่อขยายธุรกิจ และหวังว่าจะโตเร็ว,They decided to buy a food franchise to expand their business and hope for rapid growth.
เพื่อนทำงานสายไฮโดรซิสเท็ม บอกว่าต้องใช้ความรู้เคมีสูงมาก,A friend working in hydro systems says it requires extensive chemical knowledge.
บางครั้งต้องนั่งทำสมาธิ เพื่อไม่ให้จิตใจเพ้อฟุ้งซ่านเวลาคิดงานหนัก,Sometimes you need to meditate to prevent an overactive mind when working hard.
ผู้จัดการเตือนให้เบรกโปรเจกต์บางส่วนก่อนล้มละลายไปมากกว่านี้,The manager warned them to break some projects before they go bankrupt any further.
นักท่องเที่ยวบางคนชอบไปบราซิลช่วงคาร์นิวัล เพราะงานสนุกคึกคัก,Some tourists love visiting Brazil during Carnival because the event is lively and fun.
ผู้ประสานงานยื่นดราฟท์สุดท้ายให้เซ็นแล้วขอให้ตรวจสอบความถูกต้องด้วย,The coordinator handed out the final draft for signing and asked to check its accuracy.
ไฟแฟลชกล้องสว่างวาบจนเพื่อนบางคนหลับตาแทบไม่ทัน,The camera's flash beam was so quick that some friends closed their eyes too late.
เมื่อเห็นเพื่อนล้มนอนผอยอยู่บนพื้น จึงรีบวิ่งเข้าไปช่วยพยุงขึ้น,"Upon seeing a friend lying limp on the floor, they quickly ran to help them up."
ผมหาที่จอดรถยากมากโว้ยในย่านนี้ เพราะคนส่วนมากใช้รถส่วนตัว,I found it extremely difficult to park in this area because most people drive personal cars.
เจ้าของบริษัทพูดเย้ยนิดนิด ว่าถ้าใครไม่พัฒนางานอาจถูกเลิกจ้างได้,The company owner slightly sneered that anyone who does not improve their work might be laid off.
ผู้คนชมว่าแผนการตลาดเริ่ดขั้นเทพ จนฝ่ายขายขอใช้รูปแบบเดียวกัน,"People praised the marketing plan as superb, so the sales team wants to adopt the same approach."
เธอเริ่มยัวะเมื่อลูกค้าพูดจาวุ่นวาย ไม่ยอมฟังคำอธิบายเท่าไหร่,"They began to get angry when the customer kept speaking over them, refusing to listen."
เพื่อนใช้สแลงในแชทจนพิมพ์ผิดเป็นประจำ และต้องแก้ไขอยู่ตลอด,"A friend uses so much slang in chat that they frequently misspell words, having to correct them often."
ออกเสียงสันเทียะให้ชัด อาจต้องฝึกพูดช้าช้า ก่อน,Pronouncing 'santea' clearly might require practicing slowly at first.
ผู้จัดเลี้ยงยกแก้วเบาเบา ก่อนกล่าวแน่ะเชิญทุกคนร่วมดื่มฉลอง,The host gently raised their glass and invited everyone to join the celebration.
ผู้พูดบ่นเรื่องค่าใช้จ่ายเฟ้อ หวังหาทางลดค่าไฟและน้ำทันที,"The speaker complained about bloated costs, hoping to reduce electricity and water bills right away."
หากอยากเดินป่าแบบฟรีสไตล์ ควรตรวจสอบสภาพอากาศก่อนออกเดินทาง,"If you want to go hiking freestyle, you should check the weather before heading out."
โครงการนี้ต้องใช้ไฟฟลูออเรสเซนต์เพื่อลดความร้อนและประหยัดพลังงาน,This project needs fluorescent lighting to reduce heat and save energy.
ตอนเย็นอากาศเย็นสบาย จนผมนั่งผอยเผลอหลับในเก้าอี้สนามหลังบ้าน,"In the evening, the air is so comfortably cool that I dozed off in the backyard chair."
ครูเตือนแนะว่าอย่าพูดสแลงกับผู้ใหญ่ เพราะอาจถูกตำหนิได้,"The teacher reminded them not to use slang with elders, as they might be scolded."
บล็อกเกอร์บางคนรีวิวแฟรนไชส์คาเฟ่เพื่อแนะนำเครื่องดื่มเมนูใหม่,Some bloggers review cafe franchises to recommend new drink menus.
ลองดูว่าถ้าไฟดร็อปกลางคันจะทำให้เครื่องเสียหายหรือไม่,Try to see if a sudden power drop will damage the machine.
ถ้าเครื่องใช้ไฟฟ้ามีเสียงเปรี๊ยะผิดปกติ ควรหยุดใช้งานแล้วโทรเรียกช่างทันที,"If an appliance makes an odd crackling sound, you should stop using it and call a technician immediately."
วันนี้ผมอยากไปกินอาหารไทยที่ร้านใหม่ คุณสนใจไปด้วยกันไหม?,Today I want to go eat Thai food at the new restaurant. Are you interested in joining me?
เมื่อวานนี้ฉันไปเดินเล่นที่ตลาดนัด แล้วก็ซื้อผลไม้มาหลายชนิดเลย,Yesterday I went for a walk at the market and bought many kinds of fruit.
คุณชอบฟังเพลงแนวไหน และมีศิลปินคนโปรดไหม?,"What kind of music do you like to listen to, and do you have a favorite artist?"
เมื่อสัปดาห์ที่แล้วเราไปเที่ยวทะเล สนุกมากและอากาศก็ดี,"Last week we went to the beach; it was fun, and the weather was good."
ฉันคิดว่าวันนี้จะทำอาหารเย็นเอง เพราะอยากลองสูตรใหม่,I think I will cook dinner myself today because I want to try a new recipe.
คุณเคยไปประเทศญี่ปุ่นไหม และคุณชอบอะไรที่นั่นบ้าง?,"Have you ever been to Japan, and what did you like there?"
ผมกำลังอ่านหนังสือเล่มใหม่ที่น่าสนใจมาก คุณอยากยืมไหม?,I am reading a new book that is very interesting; would you like to borrow it?
ฉันอยากฝึกโยคะมากขึ้น แต่ไม่รู้จะเริ่มต้นยังไงดี,"I want to practice yoga more, but I do not know how to get started."
ถ้าคุณมีเวลาว่างช่วงบ่าย เราไปชมพิพิธภัณฑ์ศิลปะกันเถอะ,"If you have free time in the afternoon, let's go to the art museum."
ฉันชอบเลี้ยงสัตว์เลี้ยง และตอนนี้มีแมวน่ารักอยู่สองตัว,"I love keeping pets, and now I have two cute cats."
คุณเคยลองเล่นดนตรีหรือร้องเพลงสักครั้งไหม?,Have you ever tried playing music or singing?
ฉันคิดถึงเพื่อนเก่ามาก คงต้องหาเวลาพบกันบ้าง,I miss my old friends a lot; we should find time to meet.
เธอชอบอ่านหนังสือประเภทไหน และมีเล่มไหนที่แนะนำบ้าง?,"What kind of books do you like to read, and do you have any recommendations?"
ถ้าคุณหิว เราสามารถแวะร้านอาหารใกล้ใกล้ นี้ได้นะ,"If you are hungry, we can stop by a nearby restaurant."
ฉันกำลังเรียนรู้การทำขนมปัง แต่ยังไม่ค่อยเก่ง,"I am learning to bake bread, but I am not very good yet."
เพื่อนของผมจะมาเยี่ยมสัปดาห์หน้า และเราจะพาเขาเที่ยว,"My friend is coming to visit next week, and we will take him around."
คุณอยากลองเรียนภาษาต่างประเทศอื่นอื่น เพิ่มไหม?,Would you like to learn other foreign languages?
ผมเห็นว่าคุณมีความสามารถในด้านศิลปะจริงจริง,I see that you really have talent in art.
วันนี้อากาศร้อนมากมาก เราไปกินไอศกรีมกันเถอะ,It is very hot today; let's go eat ice cream.
ฉันรู้สึกว่าเวลาเดินผ่านไปเร็วมาก อยากทำอะไรให้มากขึ้น,I feel that time passes very quickly; I want to do more things.
คุณสนใจที่จะเข้าร่วมคลับวิ่งตอนเช้ากับพวกเราไหม?,Are you interested in joining our morning running club?
ฉันชอบดื่มชาตอนบ่าย เพราะทำให้รู้สึกผ่อนคลาย,I like to drink tea in the afternoon because it makes me feel relaxed.
ถ้าคุณสนใจศิลปะ เรามีงานแสดงภาพเขียนเร็วเร็ว นี้,"If you are interested in art, we have a painting exhibition soon."
ผมอยากซื้อต้นไม้มาแต่งบ้าน คุณมีชนิดไหนแนะนำไหม?,I want to buy plants to decorate my house; do you have any recommendations?
คุณเคยเล่นกีฬาอะไรบ้าง และคุณชอบกีฬาประเภทไหนที่สุด?,"What sports have you played, and which do you like the most?"
ฉันอยากลองทำสวนเล็กเล็ก ที่บ้าน แต่ไม่รู้จะเริ่มยังไง,"I want to try gardening at home, but I do not know where to start."
ถ้าคุณต้องการพักผ่อน เราสามารถไปสปาด้วยกันได้นะ,"If you need to relax, we can go to the spa together."
เมื่อเช้านี้ฉันลืมเอากุญแจบ้านมา คุณช่วยเอามาให้ได้ไหม?,This morning I forgot to bring my house keys. Can you bring them to me?
ฉันกำลังคิดจะซื้อมอเตอร์ไซค์ใหม่ แต่ยังลังเลอยู่,"I am thinking about buying a new motorcycle, but I am still hesitant."
ถ้าพรุ่งนี้อากาศดี เราไปปั่นจักรยานรอบเมืองกันเถอะ,"If the weather is good tomorrow, let's go cycling around the city."
คุณรู้จักร้านหนังสือมือสองที่ขายหนังสือหายากไหม?,Do you know any second-hand bookstores that sell rare books?
ผมได้ยินว่ามีร้านไอศกรีมเปิดใหม่ เราควรไปลองดู,I heard there is a new ice cream shop opening; we should go try it.
คุณเคยไปชมการแสดงดนตรีสดในเมืองนี้หรือไม่?,Have you ever been to a live music show in this city?
ถ้าคุณสนใจ เราสามารถสมัครเรียนทำอาหารด้วยกันได้,"If you are interested, we can enroll in cooking classes together."
เมื่อวานนี้ฉันไปช้อปปิ้งและเจอของลดราคามากมาย,Yesterday I went shopping and found many discounted items.
ผมอยากลองเลี้ยงสุนัข แต่ต้องหาข้อมูลเพิ่มเติมก่อน,"I want to try keeping a dog, but need to gather more information first."
ถ้าคุณว่างวันอาทิตย์ เรามาปิ้งย่างกันที่บ้านฉันนะ,"If you are free on Sunday, let's have a barbecue at my house."
คุณเคยลองเล่นโยคะเพื่อผ่อนคลายความเครียดไหม?,Have you tried doing yoga to relieve stress?
ผมกำลังมองหาสถานที่ท่องเที่ยวใหม่ใหม่ ในประเทศเรา,I am looking for new tourist spots in our country.
ฉันอยากลองทำขนมไทยแบบดั้งเดิม แต่ต้องหาสูตรก่อน,"I want to try making traditional Thai desserts, but need to find recipes first."
คุณเคยไปดูงานศิลปะสตรีทที่มีชื่อเสียงในเมืองนี้หรือยัง?,Have you been to see the famous street art in this city?
ผมคิดว่าการเดินทางด้วยรถไฟสนุกและผ่อนคลายดีนะ,I think traveling by train is fun and relaxing.
คุณอยากไปเดินเขาในอุทยานแห่งชาติช่วงวันหยุดไหม?,Would you like to go hiking in the national park during the holiday?
ฉันกำลังฝึกวาดภาพสีน้ำ แต่มันยากกว่าที่คิด,"I am practicing watercolor painting, but it is harder than I thought."
ฉันต้องการปรับปรุงทักษะการวาดรูป คุณมีคำแนะนำไหม?,I want to improve my drawing skills; do you have any advice?
ถ้าเรามีโอกาส เราควรไปตั้งแคมป์ที่ภูเขาใกล้ใกล้ กัน,"If we have a chance, we should go camping at a nearby mountain."
คุณเคยลองอาหารชนเผ่าที่แปลกใหม่บ้างหรือไม่?,Have you ever tried exotic tribal foods?
คุณเคยดูละครเวทีในต่างประเทศหรือเปล่า?,Have you ever watched theatre plays abroad?
ถ้าคุณชอบทำสวน เราสามารถแลกเปลี่ยนไอเดียกันได้,"If you like gardening, we can exchange ideas."
ผมกำลังฝึกทำอาหารญี่ปุ่น และอยากลองทำซูชิ,I am practicing Japanese cooking and want to try making sushi.
คุณคิดว่าการเดินป่าเป็นกิจกรรมที่น่าสนใจไหม?,Do you think trekking is an interesting activity?
ฉันอยากลองขี่ม้า แต่ไม่เคยมีโอกาสเลย,I wanted to try horseback riding but never had the chance.
คุณมีเพลงโปรดที่ชอบฟังเวลาผ่อนคลายไหม?,Do you have favorite songs you like to listen to when relaxing?
ผมกำลังเรียนภาษาฝรั่งเศส และมันท้าทายมาก,"I am learning French, and it is very challenging."
คุณเคยลองออกกำลังกายแบบโยคะร้อนหรือยัง?,Have you tried hot yoga exercises yet?
ฉันชอบทำงานฝีมือ เช่น การทอผ้าหรือการทำเซรามิก,I like doing crafts such as weaving or making ceramics.
ถ้าคุณสนใจ เราสามารถไปชิมไวน์ที่ไร่องุ่นกันได้,"If you are interested, we can go wine tasting at the vineyard."
ผมอยากเรียนรู้การเล่นเปียโน แต่มันดูยากมากเลย,"I want to learn to play the piano, but it seems very difficult."
คุณเคยไปดูการแข่งขันกีฬาโอลิมปิกหรือไม่?,Have you ever watched the Olympic Games?
ฉันกำลังพยายามลดการใช้พลาสติก เพื่อสิ่งแวดล้อมที่ดีขึ้น,I am trying to reduce plastic use for a better environment.
ถ้าคุณว่างคืนนี้ เราไปชมภาพยนตร์รอบดึกกันนะ,"If you are free tonight, let's watch a late-night movie."
ผมกำลังคิดจะปล่อยให้ผมยาวขึ้น คุณคิดว่าเหมาะไหม?,I am thinking of growing my hair longer; do you think it suits me?
ฉันอยากฝึกภาษาอังกฤษให้เก่งขึ้น คุณช่วยสอนได้ไหม?,I want to improve my English; can you help teach me?
ถ้าคุณชอบศิลปะ เราสามารถไปเข้าคลาสวาดรูปด้วยกัน,"If you like art, we can join a drawing class together."
ผมเพิ่งซื้อกล้องถ่ายรูปใหม่ และอยากลองใช้มัน,I just bought a new camera and want to try using it.
คุณเคยไปประเทศที่มีวัฒนธรรมแตกต่างอย่างสิ้นเชิงไหม?,Have you been to a country with a completely different culture?
ผมชอบเล่นเกมกระดานกับเพื่อนเพื่อน ในคืนวันศุกร์,I like playing board games with friends on Friday nights.
คุณมีสถานที่แนะนำสำหรับการพักผ่อนในช่วงสุดสัปดาห์ไหม?,Do you have any recommended places for weekend getaways?
ฉันอยากลองเขียนบทกวี แต่มันดูยากและซับซ้อน,"I want to try writing poetry, but it seems difficult and complex."
ถ้าเรามีโอกาส เราควรไปล่องเรือชมวิวแม่น้ำด้วยกัน,"If we have the chance, we should go on a river cruise together."
คุณคิดว่าอะไรคือสิ่งที่ทำให้ชีวิตมีความหมายที่สุด?,What do you think makes life most meaningful?
วันนี้อากาศดีมาก แต่พรุ่งนี้อาจจะฝนตก เราควรเตรียมร่มไปด้วยนะ,"Today the weather is very nice, but it might rain tomorrow; we should bring an umbrella."
ฉันกำลังทำอาหารเย็น กำลังรอให้สุกสักครู่ แล้วคุณอยากทานอะไรเป็นพิเศษไหม,I am cooking dinner and waiting for it to be ready; is there anything special you would like to eat?
การเดินทางครั้งนี้ยาวนาน แต่ทิวทัศน์สองข้างทางสวยงามมาก ทำให้ไม่รู้สึกเหนื่อยเลย,"This journey is long, but the scenery along the way is so beautiful that I do not feel tired at all."
เมื่อคุณไปถึงสถานีรถไฟ โปรดโทรหาฉัน เพื่อจะได้ไปรับคุณทันที,"When you arrive at the train station, please call me so that I can pick you up immediately."
เราควรเรียนรู้สิ่งใหม่ใหม่ ทุกวัน เพื่อพัฒนาตนเองและเติบโตต่อไป,We should learn new things every day to develop ourselves and continue growing.
ถ้าฝนไม่ตกเย็นนี้ เรามาออกกำลังกายที่สวนสาธารณะด้วยกันเถอะ,"If it does not rain this evening, let's go exercise at the park together."
ฉันคิดว่าการท่องเที่ยวไม่ใช่แค่การพักผ่อน แต่ยังเป็นการเรียนรู้วัฒนธรรมใหม่ใหม่,I think traveling is not just about relaxing but also about learning about new cultures.
หลังจากทำงานหนักมาทั้งวัน การได้ดื่มชาร้อนร้อน สักแก้วก็ช่วยให้ผ่อนคลาย,"After working hard all day, having a hot cup of tea helps me relax."
คืนที่ผ่านมาฉันฝันถึงสถานที่ที่ไม่เคยเห็นมาก่อน มันสวยงามมาก,Last night I dreamed of a place I do never seen before; it was very beautiful.
คุณควรนอนพักผ่อนให้เพียงพอ เพื่อสุขภาพที่ดีและมีพลังในการทำงาน,You should get enough sleep for good health and to have energy for work.
แม้ว่าสถานการณ์จะยากลำบาก แต่เราควรมีความหวังและมองโลกในแง่ดี,"Even though the situation is difficult, we should have hope and stay optimistic."
เมื่อฉันมีเวลาว่าง ฉันชอบอ่านหนังสือและเรียนรู้สิ่งใหม่ใหม่ ที่น่าสนใจ,"When I have free time, I like to read books and learn new and interesting things."
ถ้าคุณอยากพัฒนาทักษะภาษา ควรฝึกฝนและใช้ภาษาในชีวิตประจำวัน,"If you want to improve your language skills, you should practice and use the language daily."
แม้ว่าฉันจะไม่เก่งเรื่องนี้ แต่ฉันก็จะพยายามให้ดีที่สุด,"Even though I am not good at this, I will try my best."
เมื่อคุณถึงบ้านแล้ว กรุณาส่งข้อความบอกฉันด้วย ฉันเป็นห่วงคุณ,"When you get home, please send me a message; I worry about you."
ฉันชอบทำสวนในเวลาว่าง มันทำให้ฉันรู้สึกสงบและมีความสุข,I like gardening in my spare time; it makes me feel calm and happy.
การเรียนรู้ภาษาใหม่ต้องใช้เวลา แต่ผลลัพธ์นั้นคุ้มค่าแน่นอน,"Learning a new language takes time, but the results are definitely worth it."
ถ้าคุณต้องการพักผ่อน เราควรไปเที่ยวภูเขา อากาศที่นั่นสดชื่นมาก,"If you need a break, we should go to the mountains; the air there is very fresh."
แม้ว่าสิ่งต่างต่าง จะไม่เป็นไปตามที่คาดหวัง แต่เราก็ควรยอมรับและก้าวต่อไป,"Even if things don not go as expected, we should accept it and move on."
วันนี้ฉันพบกับเรื่องราวที่น่าสนใจมาก เลยอยากจะแชร์กับคุณ,Today I came across a very interesting story and wanted to share it with you.
การฝึกโยคะช่วยให้ร่างกายยืดหยุ่นและจิตใจสงบมากขึ้น,Practicing yoga helps make the body more flexible and the mind calmer.
แม้ว่าฉันจะไม่เคยทำมาก่อน แต่ฉันก็อยากลองดูสักครั้ง,"Even though I have never done it before, I would like to try it once."
เมื่อถึงเวลาพักผ่อน เราควรปล่อยใจและทำสิ่งที่เรารัก,"When it is time to relax, we should let go and do what we love."
ถ้าเราเตรียมตัวให้พร้อม เราก็จะรับมือกับสถานการณ์ต่างต่าง ได้ดีขึ้น,"If we prepare ourselves well, we can handle various situations better."
ฉันเชื่อว่าการเรียนรู้ไม่มีที่สิ้นสุด เราสามารถพัฒนาตนเองได้เสมอ,I believe that learning is endless; we can always improve ourselves.
แม้ว่าความคิดเห็นของเราจะแตกต่างกัน แต่เราก็สามารถหาทางออกที่ดีได้,"Even though our opinions differ, we can find a good solution."
ฉันชอบเดินเล่นริมชายหาด ฟังเสียงคลื่นและสูดอากาศบริสุทธิ์,"I like walking along the beach, listening to the waves, and breathing fresh air."
ถ้าเราดูแลสุขภาพจิตใจ สุขภาพร่างกายของเราก็จะดีขึ้นด้วย,"If we take care of our mental health, our physical health will improve as well."
วันนี้ฉันได้เรียนรู้บทเรียนสำคัญ ที่จะช่วยฉันในอนาคต,Today I learned an important lesson that will help me in the future.
การสื่อสารที่ดีจะช่วยให้ความสัมพันธ์ของเราแน่นแฟ้นขึ้น,Good communication will strengthen our relationship.
แม้ว่าฟ้าจะมืดครึ้ม แต่ฉันเชื่อว่าแสงสว่างจะกลับมาอีกครั้ง,"Even though the sky is cloudy, I believe the light will return again."
ถ้าคุณต้องการกำลังใจ ฉันอยู่ที่นี่เสมอเพื่อคุณ,"If you need encouragement, I am always here for you."
การทำความดีแม้เพียงเล็กน้อย ก็สามารถสร้างความเปลี่ยนแปลงได้,Even small acts of kindness can make a difference.
ถ้าเรารับฟังความคิดเห็นของผู้อื่น เราก็จะเข้าใจพวกเขามากขึ้น,"If we listen to others' opinions, we will understand them better."
ฉันชอบดื่มกาแฟตอนเช้า มันช่วยให้ฉันตื่นตัวและพร้อมสำหรับวันใหม่,I like to drink coffee in the morning; it helps me wake up and be ready for a new day.
แม้ว่าวันนี้จะไม่เป็นไปตามที่หวัง แต่พรุ่งนี้ยังมีโอกาสใหม่ใหม่ รออยู่,"Even though today did not go as hoped, new opportunities await tomorrow."
การเดินทางไปที่ใหม่ใหม่ จะเปิดโลกทัศน์และประสบการณ์ใหม่ให้เรา,Traveling to new places will open up our worldview and new experiences.
แม้ว่าฉันจะผิดหวัง แต่ฉันก็จะไม่ยอมแพ้และจะพยายามต่อไป,"Even though I am disappointed, I will not give up and will keep trying."
ถ้าเรามีความรักและความเข้าใจกัน ทุกอย่างก็จะผ่านไปได้ด้วยดี,"If we have love and understanding, everything will go well."
แม้ว่าเส้นทางจะยาวไกล แต่การเดินทางนี้ก็เต็มไปด้วยความสุข,"Even though the road is long, this journey is full of joy."
ถ้าคุณมีความฝัน จงลงมือทำและไม่หยุดตามหามัน,"If you have a dream, take action and never stop pursuing it."
ฉันชอบดูพระอาทิตย์ตกดิน เพราะมันสวยงามและสงบใจ,I like watching the sunset because it is beautiful and calming.
การออกไปพบปะผู้คนใหม่ใหม่ จะทำให้เราได้เรียนรู้และเติบโต,Meeting new people helps us learn and grow.
ฉันอยากจะขอบคุณสำหรับทุกสิ่งที่คุณทำให้ มันมีความหมายมาก,I want to thank you for everything you have done; it means a lot.
การเปิดใจรับสิ่งใหม่ใหม่ จะทำให้ชีวิตของเรามีความหลากหลาย,Opening our minds to new things will make our lives more diverse.
แม้ว่าฉันจะเหนื่อย แต่การเห็นผลลัพธ์ทำให้ฉันรู้สึกคุ้มค่า,"Even though I am tired, seeing the results makes me feel it is worthwhile."
ถ้าเราใส่ใจสุขภาพ เราก็จะมีชีวิตที่ยืนยาวและมีความสุข,"If we take care of our health, we will have a long and happy life."
ฉันชอบสร้างสรรค์งานศิลปะ เพื่อแสดงความคิดและอารมณ์ของฉัน,I like creating art to express my thoughts and emotions.
การให้คำปรึกษาและช่วยเหลือผู้อื่น เป็นการทำในสิ่งที่ฉันรัก,Giving advice and helping others is something I love to do.
แม้ว่าเราจะอยู่ห่างไกลกัน แต่ความรู้สึกของเรายังคงเชื่อมโยงกัน,"Even though we are far apart, our feelings are still connected."
แม้ว่าสถานการณ์จะยาก แต่เราควรมีความกล้าและเผชิญหน้ามัน,"Even though the situation is tough, we should have courage and face it."
ถ้าเราให้ความสำคัญกับครอบครัว ชีวิตก็จะมีความสุขมากขึ้น,"If we prioritize our family, life will be happier."
การทบทวนสิ่งที่เราเรียนรู้จะช่วยให้เราจำและเข้าใจได้ดียิ่งขึ้น,Reviewing what we have learned helps us remember and understand better.
แม้ว่าสิ่งต่างต่าง จะไม่เป็นไปตามแผน แต่เราก็สามารถปรับตัวได้,"Even though things do not go as planned, we can adapt."
ถ้าเรามีความสุขกับปัจจุบัน อนาคตก็จะสดใสขึ้น,"If we are happy with the present, the future will be brighter."
ฉันชอบออกไปถ่ายรูปธรรมชาติ มันทำให้ฉันเชื่อมโยงกับโลกมากขึ้น,I like going out to photograph nature; it makes me feel more connected to the world.
การแบ่งปันประสบการณ์กับผู้อื่น จะสร้างความสัมพันธ์ที่ดี,Sharing experiences with others builds good relationships.
แม้ว่าฉันจะไม่สมบูรณ์แบบ แต่ฉันก็ยอมรับและรักตัวเอง,"Even though I am not perfect, I accept and love myself."
ถ้าเรามีความตั้งใจจริง เราก็สามารถทำสิ่งที่คิดว่าเป็นไปไม่ได้ให้เป็นไปได้,"If we have true intentions, we can make the impossible possible."
แม้ว่าฝนจะตก ฉันก็ยังออกไปเดินเล่น เพราะฉันชอบกลิ่นฝน,"Even though it is raining, I still go for a walk because I like the smell of rain."
การฟังเพลงทำให้ฉันรู้สึกมีความสุขและสร้างแรงบันดาลใจ,Listening to music makes me feel happy and inspired.
แม้ว่าฉันจะไม่รู้คำตอบ แต่ฉันก็พร้อมที่จะค้นหาและเรียนรู้,"Even though I do not know the answer, I am ready to search and learn."
ถ้าเรามีความอดทน เราก็จะผ่านช่วงเวลาที่ยากลำบากไปได้,"If we have patience, we will get through tough times."
การใช้เวลาอยู่กับธรรมชาติทำให้ฉันรู้สึกสงบและมีสมาธิ,Spending time in nature makes me feel peaceful and focused.
แม้ว่าฉันจะมีงานยุ่ง แต่ฉันก็จะหาเวลาให้ครอบครัวเสมอ,"Even though I am busy, I will always find time for my family."
ถ้าเรามีความกล้าที่จะเริ่มต้น ความสำเร็จก็จะไม่ไกลเกินเอื้อม,"If we dare to start, success will not be far away."
ฉันอยากจะขอบคุณทุกคนที่สนับสนุนและอยู่เคียงข้างฉันเสมอ,I want to thank everyone who has supported and stood by me always.
การปรับปรุงตนเองเป็นกระบวนการที่ไม่สิ้นสุด เราควรพยายามต่อไป,Self-improvement is an endless process; we should keep trying.
แม้ว่าจะมีความผิดพลาด แต่ฉันก็จะไม่ยอมให้มันหยุดฉัน,"Even though there are mistakes, I will not let them stop me."
ถ้าเรามีความหวังและศรัทธา ทุกอย่างก็จะเป็นไปได้,"If we have hope and faith, everything is possible."
การเรียนรู้ไม่จำเป็นต้องอยู่ในห้องเรียน เราสามารถเรียนรู้จากประสบการณ์,Learning does not have to be in a classroom; we can learn from experiences.
แม้ว่าเส้นทางจะไม่ง่าย แต่ฉันก็พร้อมที่จะเผชิญความท้าทาย,"Even though the path is not easy, I am ready to face the challenges."
ถ้าเรารู้จักปล่อยวาง จิตใจของเราก็จะสงบและมีความสุขมากขึ้น,"If we learn to let go, our minds will be calmer and happier."
ฉันอยากจะสร้างสรรค์สิ่งที่มีความหมายให้กับโลกและผู้อื่น,I want to create something meaningful for the world and others.
แม้ว่าจะมีอุปสรรค แต่ฉันเชื่อว่าเราจะร่วมมือกันผ่านมันไปได้,"Even though there are obstacles, I believe we can work together to overcome them."
ถ้าเรามีความสุขภายใน ใบหน้าและดวงตาของเราก็จะส่องประกาย,"If we are happy inside, our faces and eyes will shine."
การดูแลโลกเป็นหน้าที่ของเราทุกคน เพื่ออนาคตของลูกหลาน,Taking care of the Earth is everyone's duty for the future of our children.
แม้ว่าจะมีความยากลำบาก แต่ฉันก็จะไม่ยอมแพ้ต่อสิ่งที่ฉันเชื่อ,"Even though it is difficult, I will not give up on what I believe."
ฉันอยากจะสร้างความทรงจำที่ดีและมีความหมายในชีวิตของฉัน,I want to create good and meaningful memories in my life.
การยิ้มและหัวเราะเป็นยาที่ดีที่สุดสำหรับจิตใจและร่างกาย,Smiling and laughing are the best medicines for the mind and body.
ฉันตื่นนอนตอนหกโมงเช้าแล้วไปออกกำลังกายที่สวนสาธารณะ,I wake up at six in the morning and then go to exercise at the park.
วันนี้อากาศร้อนมากแต่ฉันยังต้องออกไปทำงาน,"Today the weather is very hot, but I still have to go to work."
คุณเคยลองกินผัดไทยที่ร้านนี้หรือยัง? มันอร่อยมากเลยนะ,Have you tried Pad Thai at this restaurant yet? It is really delicious.
ฉันชอบอ่านหนังสือและฟังเพลงในเวลาว่างของฉัน,I like to read books and listen to music in my free time.
ฉันกำลังเรียนภาษาอังกฤษเพราะอยากจะเดินทางไปต่างประเทศ,I am studying English because I want to travel abroad.
เมื่อวานนี้ฉันทำอาหารไทยที่บ้านและเพื่อนเพื่อน ของฉันชอบมาก,"Yesterday I cooked Thai food at home, and my friends liked it a lot."
คุณสนใจไปชมคอนเสิร์ตกับฉันในวันเสาร์นี้ไหม?,Are you interested in going to a concert with me this Saturday?
ฉันต้องการซื้อรถใหม่แต่ยังตัดสินใจไม่ได้ว่าจะเลือกยี่ห้อไหนดี,I want to buy a new car but have not decided which brand to choose.
อาหารโปรดของฉันคือแกงเขียวหวานเพราะมันหอมและเผ็ดกำลังดี,My favorite food is green curry because it is fragrant and just the right amount of spicy.
ในอนาคตฉันอยากจะเปิดร้านกาแฟเล็กเล็ก ที่ชายทะเล,"In the future, I want to open a small coffee shop by the sea."
เมื่อคืนฉันนอนไม่หลับเพราะเสียงดังจากข้างนอก,Last night I could not sleep because of the noise outside.
เราควรออกเดินทางแต่เช้าเพื่อหลีกเลี่ยงการจราจรติดขัด,We should leave early in the morning to avoid traffic jams.
ฉันซื้อผลไม้และผักสดจากตลาดทุกสัปดาห์เพื่อสุขภาพที่ดี,I buy fresh fruits and vegetables from the market every week for good health.
เมื่อถึงฤดูหนาว ฉันชอบไปเที่ยวภาคเหนือเพราะอากาศเย็นสบาย,"When winter comes, I like to travel to the north because the weather is cool."
รถไฟฟ้าใต้ดินเป็นวิธีการเดินทางที่สะดวกและรวดเร็วในกรุงเทพฯ,The subway is a convenient and fast way to travel in Bangkok.
วันเกิดของฉันปีนี้ ฉันอยากจัดปาร์ตี้เล็กเล็ก กับเพื่อนสนิท,"For my birthday this year, I want to have a small party with close friends."
คุณชอบฟังเพลงแนวไหน? ฉันชอบเพลงป็อปและแจ๊ส,What kind of music do you like to listen to? I like pop and jazz.
ถ้าเราจองตั๋วเครื่องบินล่วงหน้า เราอาจจะได้ราคาที่ถูกกว่า,"If we book the airplane tickets in advance, we might get a cheaper price."
ฉันต้องไปซื้อของที่ซุปเปอร์มาร์เก็ตเพราะตู้เย็นว่างเปล่าแล้ว,I have to go shopping at the supermarket because the fridge is empty.
การนั่งสมาธิช่วยให้ฉันรู้สึกผ่อนคลายและมีสมาธิมากขึ้น,Meditation helps me feel relaxed and more focused.
คุณเคยไปภูเก็ตหรือเปล่า? ฉันได้ยินว่าที่นั่นสวยงามมาก,Have you ever been to Phuket? I have heard it is very beautiful there.
ฉันชอบทำขนมเค้กและคุกกี้ในวันหยุดสุดสัปดาห์,I like to bake cakes and cookies on weekends.
ถ้าเราประหยัดเงิน เราจะมีเงินพอสำหรับทริปท่องเที่ยว,"If we save money, we will have enough for a travel trip."
ฉันชอบไปว่ายน้ำที่สระน้ำเพราะทำให้ร่างกายแข็งแรง,I like to go swimming at the pool because it keeps me fit.
คุณต้องการความช่วยเหลือในการทำโปรเจคนี้หรือไม่?,Do you need help with this project?
การเรียนรู้สิ่งใหม่ใหม่ ทำให้ชีวิตของฉันสนุกและมีความหมาย,Learning new things makes my life fun and meaningful.
ฉันกำลังคิดจะซื้อจักรยานเพื่อขี่ออกกำลังกายในตอนเช้า,I am thinking of buying a bicycle to ride for exercise in the mornings.
คุณเห็นข่าวเมื่อเช้านี้หรือยัง? มีเหตุการณ์สำคัญเกิดขึ้น,Did you see the news this morning? There was an important event.
คุณสามารถแนะนำสถานที่ท่องเที่ยวที่น่าสนใจในเมืองนี้ได้ไหม?,Can you recommend interesting tourist spots in this city?
เมื่อวานฉันไปวิ่งที่สวนสาธารณะและรู้สึกสดชื่นมาก,Yesterday I went jogging in the park and felt very refreshed.
ถ้าเราฝึกพูดภาษาใหม่ทุกวัน เราจะพูดได้คล่องขึ้น,"If we practice speaking a new language every day, we will become more fluent."
ฉันเชื่อว่าการคิดบวกช่วยให้เรามีความสุขและประสบความสำเร็จ,I believe positive thinking helps us be happy and successful.
คุณมีข้อเสนอแนะในการปรับปรุงงานนี้หรือไม่?,Do you have any suggestions to improve this work?
ฉันกำลังเก็บเงินเพื่อซื้อบ้านในฝันของฉัน,I am saving money to buy my dream house.
คุณต้องการเข้าร่วมการประชุมในวันพรุ่งนี้หรือเปล่า?,Do you want to attend the meeting tomorrow?
ถ้าเหนื่อยก็พักผ่อนก่อนแล้วค่อยเริ่มทำงานต่อ,"If you are tired, rest first and then continue working."
ฉันตั้งใจจะวิ่งมาราธอนครั้งแรกในปีหน้า,I intend to run my first marathon next year.
คุณอยากสั่งอะไรเพิ่มไหม? อาหารที่นี่อร่อยมาก,Would you like to order anything else? The food here is very good.
ฉันชอบถ่ายภาพธรรมชาติ เช่น ภูเขาและน้ำตก,"I like photographing nature, such as mountains and waterfalls."
ถ้าเราไม่ลอง เราก็จะไม่รู้ว่าผลลัพธ์จะเป็นอย่างไร,"If we do not try, we will never know the outcome."
ฉันชอบฤดูฝนเพราะอากาศเย็นและต้นไม้เขียวขจี,I like the rainy season because it is cool and the trees are lush.
คุณเคยลองเล่นดนตรีไทยไหม? ฉันคิดว่ามันน่าสนใจมาก,Have you ever tried playing Thai music? I think it is very interesting.
เราควรประสานงานกับทีมอื่นอื่น เพื่อให้โครงการสำเร็จ,We should coordinate with other teams to make the project succeed.
ฉันรู้สึกภูมิใจที่ได้เป็นส่วนหนึ่งขององค์กรนี้,I feel proud to be part of this organization.
ฉันต้องการสั่งซื้อหนังสือเล่มนี้ออนไลน์เพราะหาซื้อในร้านไม่ได้,I want to order this book online because I can not find it in stores.
คุณมีแผนสำหรับงานเทศกาลที่จะมาถึงนี้หรือยัง?,Do you have plans for the upcoming festival?
การฝึกงานที่บริษัทนี้ให้ประสบการณ์ที่มีคุณค่าแก่ฉัน,Interning at this company has given me valuable experience.
ฉันชอบดื่มชาเขียวร้อนในตอนเช้าเพื่อเริ่มต้นวันใหม่,I like to drink hot green tea in the morning to start my day.
เรามาร่วมกันทำความสะอาดสำนักงานเพื่อสภาพแวดล้อมที่ดีขึ้น,Let's clean the office together for a better environment.
ถ้าเรามีความคิดสร้างสรรค์ เราจะสามารถแก้ไขปัญหาได้ง่ายขึ้น,"If we are creative, we can solve problems more easily."
ฉันกำลังหาที่เรียนเต้นรำเพื่อเรียนรู้ทักษะใหม่,I am looking for a dance class to learn a new skill.
คุณมีคำแนะนำสำหรับผู้ที่เริ่มต้นทำงานในสายงานนี้หรือไม่?,Do you have advice for someone starting in this field?
ฉันกำลังจัดกระเป๋าเดินทางสำหรับทริปเดือนหน้าของฉัน,I am packing my suitcase for my trip next month.
คุณอยากไปดูนิทรรศการศิลปะกับฉันไหม?,Would you like to go to the art exhibition with me?
ฉันภูมิใจในความสำเร็จที่ได้มาจากความพยายามของฉันเอง,I am proud of the achievements that came from my efforts.
การสื่อสารที่ดีเป็นสิ่งสำคัญในการทำงานเป็นทีม,Good communication is essential in teamwork.
ถ้ามีโอกาสฉันอยากจะลองกระโดดร่มสักครั้ง,"If I have the chance, I do like to try skydiving once."
คุณเคยไปบราซิลหรือยัง เพราะผมอยากรู้ว่าอากาศที่นั่นร้อนแค่ไหน,Have you been to Brazil yet? I want to know how hot the weather is there.
ถ้าคุณรีบไปตอนเช้า คุณอาจจะได้ที่จอดรถฟรีหน้าเซ็นทรัล,"If you hurry in the morning, you might get free parking in front of Central."
ชาวนาใช้แทรกเตอร์ไถนาตั้งแต่เช้ามืดจนถึงพลบค่ำ,Farmers use tractors to plow fields from dawn until dusk.
เธอมักเคลิ้มคิดถึงวันเก่าเก่า เวลาที่ฟังเพลงเศร้า,She often daydreams about old times when listening to sad songs.
แม่ทำปอเปี๊ยะไส้ผักไว้ให้เรากินตอนเย็น,Mom made vegetable spring rolls for us to eat tonight.
ใบไม้ผล็อยไปตามน้ำ ใต้แสงอาทิตย์ยามบ่าย,Leaves drift quickly along the water under the afternoon sun.
ร้านอาหารที่อร่อยอยู่ตรงโน้น ข้างข้าง โรงหนังเก่า,"The tasty restaurant is over there, next to the old cinema."
เพื่อนฉันจะไปเรียนต่อที่ประเทศฟร็องซ์ปีหน้า,My friend will study in France next year.
อย่าลืมดร็อปแผนที่ในแชทกลุ่มก่อนออกจากบ้านนะ,Do not forget to drop the map in the group chat before leaving.
เสื้อตัวใหม่ของคุณดูเริ่ดมาก เหมาะกับสไตล์ของคุณเลย,Your new shirt looks awesome and suits your style perfectly.
เราต้องเติมน้ำในแท็งก์น้ำก่อนที่จะหมด,We need to refill the water tank before it runs out.
แน่ะ! ฉันบอกแล้วว่าวันนี้ฝนจะตก เธอไม่เชื่อฉันเลย,"See! I told you it would rain today, but you did not believe me."
รูปปั้นบรอนซ์ในสวนถูกสร้างขึ้นเมื่อร้อยปีที่แล้ว,The bronze statue in the park was made a century ago.
เขาเปิดร้านกาแฟเป็นแฟรนไชส์ชื่อดังในย่านนี้,He opened a famous coffee franchise in this neighborhood.
เทรลเลอร์หนังเรื่องใหม่ดูน่าสนใจมาก,The trailer for the new movie looks really intriguing.
เวลาเหนื่อยมากมาก เขามักจะเพ้อเจ้อเรื่องไม่สำคัญ,"When exhausted, he rambles about trivial things."
เธอเลือกผ้าฝอยสีฟ้าซาตินเพื่อทำชุดเดรส,She picked blue satin fabric to make a dress.
โว้ย! เร็วเร็ว ขึ้นรถเดี๋ยวนี้เราจะไปไม่ทันแล้ว,Hey! Hurry up and get in the car or we will be late!
แฟลชไดร์ฟนี้เก็บข้อมูลสำคัญทั้งหมดไว้,This flash drive stores all the important data.
เขาชอบไดรฟ์รถเล่นตอนกลางคืนเพราะถนนว่าง,He enjoys night drives because the roads are empty.
รองเท้าคู่นี้เริ่ดมากแต่ราคาแพงเกินไป,These shoes are cool but way too expensive.
ยัวะ! น้องชายเอาเงินไปซื้อของเล่นหมดเลย,Darn it! My little brother spent all his money on toys.
วางของไว้ตรงเนี่ยะก่อนแล้วค่อยไปหยิบกระเป๋า,"Put the stuff here first, then grab the bag."
แน่ะ! ฉันเตือนแล้วว่าอย่าเอาโทรศัพท์ไปเล่นน้ำ,See! I warned you not to take the phone near water.
พวกเราจะไปเที่ยวทะเลพร้อมกันพรุ่งนี้เช้า,We are going to the beach together tomorrow morning.
คุณช่วยหยิบแอปเปิ้ลในตู้เย็นให้ฉันหน่อยได้ไหม,Can you grab an apple from the fridge for me?
ถ้าเธอไม่ว่างเสาร์นี้ เราก็เลื่อนไปอาทิตย์หน้า,"If you are busy this Saturday, let’s postpone to next week."
เขากำลังซ่อมรถอยู่หลังบ้านเพราะเครื่องเสีย,He is fixing the car in the backyard because the engine died.
เดี๋ยวฉันจะแวะซื้อผักที่ตลาดก่อนกลับบ้าน,I will stop by the market to buy veggies before heading home.
แมวตัวนั้นชอบนอนบนโซฟาในห้องนั่งเล่น,That cat loves sleeping on the living room sofa.
เราต้องการจองโต๊ะสำหรับหกคนคืนวันศุกร์,We need to reserve a table for six on Friday night.
เธอลืมปิดไฟในห้องน้ำอีกแล้วช่วยไปปิดที,You forgot to turn off the bathroom light again—please check.
โปรแกรมนี้ใช้เวลาดาวน์โหลดนานมากเพราะไฟล์ใหญ่,This program takes ages to download due to large files.
น้องสาวฉันเพิ่งเรียนจบและกำลังหางานทำ,My sister just graduated and is job hunting.
คุณช่วยสอนวิธีใช้แอปนี้ให้ฉันหน่อยได้ไหม,Could you show me how to use this app?
ขนมในเตาอบเกือบไหม้แล้วรีบไปดูเร็ว!,The cookies in the oven are almost burning—check them now!
เขาตัดสินใจซื้อบ้านหลังเล็กเล็กในชนบท,He decided to buy a small house in the countryside.
เราต้องการเปลี่ยนเฟอร์นิเจอร์ในห้องนอน,We want to replace the bedroom furniture.
เธอทำกระเป๋าเงินหายในรถแท็กซี่เมื่อวาน,She lost her wallet in the taxi yesterday.
โปรดตรวจสอบเอกสารอีกครั้งก่อนส่ง,Please review the documents again before submitting them.
ฉันเพิ่งดูหนังสยองขวัญเรื่องใหม่ตอนดึก,I just watched a new horror movie late at night.
คุณรู้ไหมว่าร้านนี้ปิดวันจันทร์ทุกสัปดาห์,Did you know this shop closes every Monday?
เราเจอปัญหากับระบบคอมพิวเตอร์เมื่อเช้า,We encountered computer system issues this morning.
คุณควรดื่มน้ำให้มากขึ้นเวลาอากาศร้อนแบบนี้,You should drink more water in this hot weather.
เขาชวนฉันไปดูคอนเสิร์ตสุดสัปดาห์นี้,He invited me to a concert this weekend.
ฉันไม่ชอบรสชาติชาเขียวแบบหวานเกินไป,I do not like overly sweet matcha tea.
โปรแกรมเมอร์กำลังแก้ไขบั๊กในระบบ,The programmer is fixing a bug in the system.
เราต้องซื้อของขวัญให้เพื่อนก่อนงานเลี้ยง,We need to buy a gift for our friend before the party.
คุณช่วยส่งเก้าอี้ตัวนั้นมาให้ฉันหน่อย,Could you pass me that chair over there?
ฉันลืมกุญแจบ้านไว้ในรถ เลยต้องเรียกช่างมาเปิด,I left my house keys in the car—need to call a locksmith.
เราจะจัดประชุมออนไลน์ตอนบ่ายสามโมง,We will hold an online meeting at 3 PM.
เธอชอบซื้อเสื้อผ้าลดราคาตอนเซลล์ใหญ่,She loves buying discounted clothes during big sales.
ถ้าคุณรู้สึกไม่สบาย ควรไปพบแพทย์ด่วนนะ,"If you are feeling unwell, see a doctor immediately."
ฉันเพิ่งติดตั้งแอร์ใหม่ในห้องนอน,I just installed a new AC in the bedroom.
เขาทำน้ำส้มคั้นสดสดทุกเช้าเพื่อสุขภาพ,He makes fresh orange juice every morning for health.
เราเจอทางลัดไปสนามบินเร็วขึ้นครึ่งชั่วโมง,We found a shortcut to the airport saving 30 minutes.
คุณช่วยปิดหน้าต่างได้ไหมลมแรงมากเลย,Can you close the window? The wind is too strong.
ฉันเพิ่งซื้อหนังสือเล่มใหม่ที่ร้านหน้าปากซอย,I just bought a new book from the shop down the alley.
เขากำลังฝึกพูดภาษาญี่ปุ่นเพื่อไปเที่ยว,He is practicing Japanese for his upcoming trip.
เราไม่ควรทิ้งขยะพลาสติกลงทะเล,We should not dump plastic waste into the ocean.
ฉันชอบเดินเล่นในสวนสาธารณะตอนพระอาทิตย์ตก,I enjoy walking in the park during sunset.
เขาต้องการซื้อโทรศัพท์รุ่นใหม่แต่ยังลังเล,He wants to buy a new phone model but is hesitating.
เราเจอสัตว์น่ารักน่ารัก ในสวนสัตว์เมื่อวาน,We saw cute animals at the zoo yesterday.
เธอเขียนบทความเกี่ยวกับสิ่งแวดล้อม,She is writing an article about the environment.
คุณช่วยบอกทางไปสถานีรถไฟใต้ดินได้ไหม,Can you direct me to the subway station?
ฉันเพิ่งลงทะเบียนเรียนคอร์สทำอาหาร,I just enrolled in a cooking class.
เธอเก็บเงินเพื่อซื้อจักรยานคันใหม่,She is saving money to buy a new bicycle.
คุณควรพักผ่อนให้มากมากเวลาป่วยแบบนี้,You should rest more when you are sick like this.
ฉันลืมรหัสผ่านต้องรีเซ็ตใหม่ผ่านอีเมล,I forgot my password and need to reset it via email.
เขาเพิ่งซื้อกล้องถ่ายรูปมือสองสภาพดี,He just bought a secondhand camera in good condition.
เราเจอปัญหาเน็ตเวิร์คในออฟฟิศเมื่อเช้า,We had network issues at the office this morning.
เธอชอบดูดาวผ่านกล้องโทรทรรศน์ตอนกลางคืน,She enjoys stargazing through a telescope at night.
คุณช่วยซื้อนมสองกล่องจากร้านสะดวกซื้อได้ไหม,Can you buy two cartons of milk from the convenience store?
ฉันเพิ่งอัปเกรดระบบปฏิบัติการคอมพิวเตอร์,I just upgraded my computer’s operating system.
เขากำลังวาดภาพวิวทะเลสวยสวยในสตูดิโอ,He is painting a beautiful seaside landscape in his studio.
เราต้องส่งรายงานให้ลูกค้าภายในวันพฤหัส,We need to deliver the report to the client by Thursday.
เธอทำสมุดบันทึกหายในห้องสมุดเมื่อวาน,She lost her notebook in the library yesterday.
คุณควรตรวจสอบเวลาเปิด-ปิดของพิพิธภัณฑ์,You should check the museum’s opening and closing times.
ฉันชอบทานสลัดผักกับน้ำสลัดรสเปรี้ยว,I enjoy eating vegetable salad with tangy dressing.
เขาต้องการแลกเงินดอลลาร์เป็นบาทไทย,He needs to exchange dollars for Thai baht.
เราเจอทางออกจากปัญหาเรื่องงบประมาณแล้ว,We found a solution to the budget problem.
เธอกำลังเรียนขับรถอยู่ใกล้ใกล้ซอยนี้,She is taking driving lessons near this alley.
คุณช่วยถ่ายรูปครอบครัวให้เราหน่อยได้ไหม,Could you take a family photo for us?
ฉันเพิ่งซื้อกระเป๋าเดินทางใบใหญ่สำหรับทริป,I just bought a large suitcase for the trip.
เขาชอบเล่นกีตาร์โปร่งเวลาว่างว่าง,He likes playing acoustic guitar in his free time.
เราต้องการจองตั๋วหนังสำหรับสามคนคืนนี้,We want to book movie tickets for three tonight.
เธอทำอาหารไทยแบบดั้งเดิมให้แขกชิม,She cooked traditional Thai dishes for the guests.
คุณควรใส่หมวกกันแดดเวลาไปทะเล,You should wear a sun hat when going to the beach.
ฉันลืมชาร์จโทรศัพท์ ต้องหาเพาเวอร์แบงค์,I forgot to charge my phone—need a power bank.
เขาเพิ่งซื้อโซฟาใหม่สีเทามาไว้ในห้องรับแขก,He just bought a new gray sofa for the living room.
เราเจอแมวหลงทางในสวนสาธารณะเมื่อเช้า,We found a stray cat in the park this morning.
คุณช่วยซื้อแสตมป์จากไปรษณีย์ให้ฉันหน่อย,Can you buy stamps from the post office for me?
ฉันเพิ่งลงทุนในกองทุนรวมเพื่อการออม,I recently invested in a mutual fund for savings.
เขากำลังซ่อมรั้วบ้านที่พังจากลมแรง,He is fixing the house fence damaged by strong winds.
เราต้องการเปลี่ยนแผนการเดินทางเพราะฝน,We need to change our travel plans due to the rain.
เธอทำขนมปังกรอบอร่อยมากสำหรับปิกนิก,She made delicious crispy bread for the picnic.
คุณควรตรวจสอบแบตเตอรี่ในรีโมทคอนโทรล,You should check the batteries in the remote control.
ฉันชอบปลูกต้นไม้ในกระถางเล็กเล็กบนระเบียง,I enjoy growing plants in small pots on the balcony.
เขาต้องการติดตั้งแผงโซลาร์เซลล์บนหลังคา,He wants to install solar panels on the roof.
เราเจอปัญหารถติดหนักมากบนทางด่วน,We encountered a traffic jam on the highway.
เธอชอบถ่ายรูปดอกไม้ในสวนทุกฤดูใบไม้ผลิ,She loves photographing flowers in the garden every spring.
คุณช่วยหยิบหนังสือบนชั้นบนให้ฉันหน่อย,Could you grab the book from the top shelf for me?
ฉันเพิ่งจองตั๋วเครื่องบินไปเกาหลีใต้,I just booked a flight ticket to South Korea.
เขากำลังฝึกโยคะเพื่อสุขภาพร่างกายและจิตใจ,He is practicing yoga for physical and mental health.
เราต้องการซื้อผักออร์แกนิคจากฟาร์มใกล้ใกล้,We want to buy organic veggies from a nearby farm.
เธอทำความสะอาดบ้านทั้งหลังก่อนปีใหม่,She cleaned the entire house before New Year’s.
คุณควรทดสอบสีผนังก่อนทาทั้งห้อง,You should test the wall color before painting the whole room.
เขาเพิ่งอัพโหลดวิดีโอใหม่ลงช่องยูทูป,He just uploaded a new video to his YouTube channel.
เราเจอทางลัดไปยังสถานที่ท่องเที่ยว,We found a shortcut to the tourist attraction.
เธอชอบดูสารคดีเกี่ยวกับสัตว์ป่า,She enjoys watching wildlife documentaries.
คุณช่วยแนะนำร้านอาหารญี่ปุ่นดีดีได้ไหม,Can you recommend a good Japanese restaurant?
ฉันเพิ่งสมัครสมาชิกห้องสมุดชุมชน,I recently signed up for a community library membership.
เขากำลังปรับปรุงระบบรักษาความปลอดภัย,He is upgrading the security system.
เราต้องการซื้อของขวัญให้พ่อแม่ในวันครบรอบ,We need to buy anniversary gifts for our parents.
คุณควรพักสายตาจอคอมพิวเตอร์ทุกชั่วโมง,You should rest your eyes on the computer screen hourly.
ฉันชอบฟังพอดแคสต์เกี่ยวกับการลงทุน,I enjoy listening to investment podcasts.
เขาต้องการเช่าบ้านใกล้ทะเลสำหรับพักร้อน,He wants to rent a beach house for vacation.
เราเจอปัญหาน้ำรั่วในห้องน้ำและต้องเรียกช่าง,We found a water leak in the bathroom and called a plumber.
เมื่อวานนี้ตอนเย็น ฉันกับเพื่อนเพื่อน ไปเดินเล่นที่สวนสาธารณะ แล้วนั่งพักผ่อนใต้ต้นไม้ใหญ่ก่อนกลับบ้าน,"Yesterday evening, my friends and I went for a walk in the park and then rested under a big tree before going home."
ถ้าฝนไม่ตกพรุ่งนี้ ฉันคิดว่าจะไปเที่ยวทะเลกับครอบครัว เพื่อพักผ่อนและเล่นน้ำด้วยกัน,"If it does not rain tomorrow, I plan to go to the beach with my family to relax and swim together."
เมื่อฉันได้ยินข่าวดีจากเพื่อน ฉันรู้สึกมีความสุขมากและอยากแบ่งปันความยินดีกับเขา,"When I heard the good news from my friend, I felt very happy and wanted to share the joy with him."
ระหว่างที่ฉันกำลังทำอาหารอยู่ในครัว โทรศัพท์ก็ดังขึ้น ฉันจึงต้องหยุดเพื่อรับสาย,"While I was cooking in the kitchen, the phone rang, so I had to stop to answer it."
แม้ว่าวันนี้อากาศจะร้อนมาก แต่ฉันก็ยังออกไปวิ่งออกกำลังกายตามปกติเพื่อสุขภาพที่ดี,"Even though it is very hot today, I still went out for my regular run to maintain good health."
การเรียนภาษาใหม่ไม่ใช่เรื่องง่าย แต่ถ้าเราฝึกฝนอย่างสม่ำเสมอ เราก็จะเก่งขึ้นได้,"Learning a new language is not easy, but if we practice regularly, we can improve."
เมื่อถึงวันหยุดสุดสัปดาห์ ฉันมักจะนัดพบกับเพื่อนเพื่อน เพื่อไปดูภาพยนตร์เรื่องใหม่ที่โรงภาพยนตร์,"When the weekend comes, I usually meet up with friends to watch a new movie at the cinema."
ก่อนที่ฉันจะออกจากบ้าน ฉันต้องตรวจสอบว่าได้ปิดไฟและล็อกประตูเรียบร้อยแล้วหรือยัง,"Before leaving the house, I have to check if I have turned off the lights and locked the doors properly."
ถ้าเราใส่ใจสิ่งแวดล้อมและช่วยกันลดการใช้พลาสติก โลกของเราก็จะน่าอยู่ขึ้น,"If we care for the environment and help reduce plastic usage, our world will become a better place."
ฉันจำเป็นต้องซื้อของใช้บางอย่างที่ห้างสรรพสินค้า แต่รถติดมาก ฉันจึงตัดสินใจนั่งรถไฟฟ้าไปแทน,"I needed to buy some necessities at the mall, but the traffic was heavy, so I decided to take the Skytrain instead."
เมื่อถึงเวลาฝนตกหนัก ถนนหลายสายก็มีน้ำท่วม ทำให้การเดินทางลำบากมากขึ้น,"When heavy rains come, many roads flood, making travel more difficult."
เมื่อคืนฉันฝันเห็นทะเลสีฟ้าใส และเสียงคลื่นที่ซัดเข้าหาฝั่ง ทำให้ฉันรู้สึกผ่อนคลายมาก,"Last night I dreamt of a clear blue sea and the sound of waves hitting the shore, which made me feel very relaxed."
ในช่วงวันหยุดยาวนี้ ฉันวางแผนจะไปเที่ยวภูเขา เพื่อสัมผัสอากาศบริสุทธิ์และธรรมชาติที่สวยงาม,"During this long holiday, I plan to visit the mountains to enjoy the fresh air and beautiful nature."
แม้ว่างานจะยากและท้าทาย แต่ฉันก็จะพยายามทำให้ดีที่สุดเท่าที่ฉันจะทำได้,"Even though the work is hard and challenging, I will try to do my best."
เมื่อฉันมีปัญหา เพื่อนสนิทของฉันจะคอยอยู่ข้างข้าง และให้กำลังใจฉันเสมอ,"When I have problems, my close friend is always by my side and encourages me."
ในระหว่างที่เรารออาหารมาเสิร์ฟ เรามาคุยแลกเปลี่ยนเรื่องราวสนุกสนุก ที่เกิดขึ้นในสัปดาห์นี้กันเถอะ,"While we wait for the food to be served, let's share fun stories that happened this week."
ถ้าเราช่วยกันรักษาความสะอาดของชุมชน หมู่บ้านของเราก็จะน่าอยู่และปลอดภัยมากขึ้น,"If we work together to keep our community clean, our village will be more pleasant and safer."
ฉันได้รับเชิญไปงานแต่งงานของเพื่อนสมัยเรียน และรู้สึกตื่นเต้นที่จะได้พบเพื่อนเก่าเก่า อีกครั้ง,I was invited to a classmate's wedding and I am excited to see old friends again.
การอ่านหนังสือทุกวันไม่เพียงแต่เพิ่มพูนความรู้ แต่ยังช่วยพัฒนาทักษะการคิดวิเคราะห์ด้วย,Reading books every day not only increases knowledge but also enhances analytical thinking skills.
เมื่อถึงฤดูหนาว อากาศจะเย็นลงมาก เราจึงต้องเตรียมเสื้อผ้าที่อบอุ่นไว้ใส่,"When winter arrives, the weather becomes much colder, so we need to prepare warm clothes to wear."
ฉันกำลังฝึกเล่นกีตาร์ เพราะดนตรีเป็นสิ่งที่ทำให้ฉันมีความสุขและผ่อนคลาย,I am practicing guitar because music is something that makes me happy and relaxed.
ฉันชอบเดินทางท่องเที่ยวต่างประเทศ เพื่อเรียนรู้วัฒนธรรมใหม่ใหม่ และพบปะผู้คนที่หลากหลาย,I love traveling abroad to learn about new cultures and meet diverse people.
เมื่อฉันเห็นดอกไม้บานสะพรั่งในสวน มันทำให้ฉันรู้สึกสดชื่นและมีความสุขมากขึ้น,"When I see flowers blooming in the garden, it makes me feel refreshed and happier."
ฉันตั้งใจจะเรียนต่อในระดับปริญญาโท เพื่อพัฒนาความรู้และโอกาสในสายงานของฉัน,I intend to pursue a master's degree to enhance my knowledge and opportunities in my career.
ถ้าเรารู้จักการจัดการเวลาอย่างมีประสิทธิภาพ เราก็จะทำงานได้มากขึ้นในแต่ละวัน,"If we know how to manage time efficiently, we can accomplish more each day."
ในช่วงสุดสัปดาห์ ฉันชอบไปปั่นจักรยานรอบรอบ เมือง เพื่อออกกำลังกายและชมวิวทิวทัศน์,"On weekends, I like to cycle around the city to exercise and enjoy the scenery."
เมื่อฉันได้ลองทำสิ่งที่ไม่เคยทำมาก่อน มันทำให้ฉันรู้สึกตื่นเต้นและท้าทายตนเอง,"When I try something I have never done before, it makes me feel excited and challenges me."
ฉันมีความฝันที่จะเปิดร้านกาแฟเล็กเล็ก ที่อบอุ่นและเป็นกันเอง เพื่อให้คนมาพักผ่อน,"I dream of opening a small, cozy coffee shop where people can come to relax."
เมื่อเราเผชิญกับปัญหา เราควรมองหาวิธีแก้ไขอย่างสร้างสรรค์และไม่ย่อท้อ,"When we face problems, we should look for creative solutions and not give up."
ฉันอยากเรียนรู้การถ่ายภาพ เพื่อบันทึกความทรงจำและช่วงเวลาที่สวยงามในชีวิต,I want to learn photography to capture memories and beautiful moments in life.
การใส่ใจในการอนุรักษ์พลังงานและทรัพยากรธรรมชาติ เป็นความรับผิดชอบของทุกคน,Paying attention to conserving energy and natural resources is everyone's responsibility.
ฉันตัดสินใจที่จะปลูกผักสวนครัวเอง เพื่อให้ได้อาหารที่สดและปลอดสารพิษ,I decided to grow my vegetable garden to have fresh and pesticide-free food.
ถ้าเรามีความรักและความเมตตาต่อกัน สังคมของเราก็จะน่าอยู่มากขึ้น,"If we have love and kindness towards each other, our society will be more livable."
การศึกษาเป็นกุญแจสำคัญที่จะเปิดประตูสู่โอกาสและความสำเร็จในอนาคต,Education is the key that opens doors to opportunities and future success.
ฉันเพิ่งเริ่มฝึกโยคะ และพบว่ามันช่วยให้ฉันมีสุขภาพที่ดีทั้งกายและใจ,I just started practicing yoga and found that it helps my physical and mental health.
ในวันที่อากาศดี ฉันชอบออกไปเดินเล่นกับสุนัขของฉันในสวนสาธารณะใกล้บ้าน,"On a nice day, I like to take my dog for a walk in the nearby park."
การฟังเพลงคลาสสิกช่วยให้ฉันรู้สึกผ่อนคลายและมีสมาธิในการทำงาน,Listening to classical music helps me feel relaxed and focused on work.
เมื่อเราเห็นค่าของสิ่งเล็กเล็ก ในชีวิต เราก็จะมีความสุขได้ง่ายขึ้น,"When we appreciate the small things in life, we can find happiness more easily."
ฉันชอบทำสมาธิก่อนนอน เพื่อให้จิตใจสงบและหลับได้อย่างสบาย,I like to meditate before bed to calm my mind and sleep comfortably.
ถ้าเรามองโลกในแง่ดี ชีวิตของเราก็จะเต็มไปด้วยพลังและความหวัง,"If we look at the world positively, our lives will be full of energy and hope."
ฉันตั้งใจว่าจะออกไปสำรวจสถานที่ใหม่ใหม่ ในเมือง เพื่อค้นพบร้านอาหารและคาเฟ่น่าสนใจ,I plan to explore new places in the city to discover interesting restaurants and cafes.
การดูแลสัตว์เลี้ยงทำให้ฉันรู้สึกรับผิดชอบและมีความสุขที่ได้เห็นพวกเขาเจริญเติบโต,Taking care of pets makes me feel responsible and happy to see them grow.
ถ้าเรารู้จักการประหยัดและใช้ทรัพยากรอย่างรู้คุณค่า เราจะช่วยลดปัญหาสิ่งแวดล้อมได้,"If we know how to save and use resources wisely, we can help reduce environmental problems."
การส่งเสริมความคิดสร้างสรรค์ในเด็ก เป็นการลงทุนที่ดีสำหรับอนาคตของสังคม,Encouraging creativity in children is a good investment for society's future.
เมื่อเรารู้จักการแบ่งปัน ชีวิตของเราก็จะมีความหมายและเติมเต็มมากขึ้น,"When we know how to share, our lives become more meaningful and fulfilling."
การปลูกต้นไม้ไม่เพียงแต่ช่วยเพิ่มความสวยงาม แต่ยังช่วยรักษาสิ่งแวดล้อมด้วย,Planting trees not only adds beauty but also helps preserve the environment.
ฉันสนใจในการศึกษาประวัติศาสตร์ เพื่อเข้าใจถึงรากฐานและความเป็นมาของสังคม,I am interested in studying history to understand the foundations and origins of society.
การฟังความคิดเห็นของผู้อื่น ทำให้เราได้เรียนรู้มุมมองใหม่ใหม่ และพัฒนาตนเอง,Listening to others' opinions allows us to learn new perspectives and improve ourselves.
ฉันตั้งใจว่าจะทำงานอาสาสมัคร เพื่อช่วยเหลือชุมชนและสร้างประโยชน์ให้กับสังคม,I intend to do volunteer work to help the community and contribute to society.
เมื่อเรามีความรักและเอาใจใส่ต่อสิ่งที่ทำ ผลลัพธ์ที่ได้ก็มักจะออกมาดีเสมอ,"When we love and care about what we do, the results usually turn out well."
ถ้าเราดูแลร่างกายด้วยการออกกำลังกายและพักผ่อนเพียงพอ สุขภาพของเราก็จะดีขึ้น,"If we take care of our bodies by exercising and getting enough rest, our health will improve."
การเรียนรู้ภาษาใหม่ไม่เพียงแต่เพิ่มทักษะ แต่ยังเปิดประตูสู่โลกที่กว้างขึ้น,Learning a new language not only adds skills but also opens doors to a wider world.
ฉันตั้งใจว่าจะลองทำสิ่งใหม่ใหม่ ทุกเดือน เพื่อพัฒนาตนเองและไม่หยุดนิ่ง,I intend to try new things every month to develop myself and keep moving forward.
เมื่อเรามีความยินดีในความสำเร็จของผู้อื่น เราก็จะรู้สึกมีความสุขมากขึ้น,"When we take joy in others' success, we feel happier."
การสังเกตและเรียนรู้จากธรรมชาติ เป็นแรงบันดาลใจในการสร้างสรรค์และคิดค้นสิ่งใหม่ใหม่,Observing and learning from nature inspires creativity and innovation.
ฉันชอบการทำสมุดบันทึก เพื่อจดบันทึกความคิดและความทรงจำที่มีค่าในชีวิต,I enjoy journaling to record valuable thoughts and memories in life.
ถ้าเรารู้จักการบริหารความเครียด เราก็จะมีชีวิตที่สมดุลและมีสุขภาพจิตที่ดี,"If we know how to manage stress, we will have a balanced life and good mental health."
เมื่อเรารู้จักการขอบคุณและเห็นคุณค่าในสิ่งที่มี เราก็จะมีความสุขมากขึ้น,"When we know how to appreciate and value what we have, we will be happier."
การพัฒนาตนเองอย่างต่อเนื่องเป็นสิ่งสำคัญที่จะทำให้เราประสบความสำเร็จในชีวิต,Continuous self-improvement is essential for achieving success in life.
ฉันชอบการทำงานฝีมือ เพราะมันช่วยฝึกสมาธิและสร้างสรรค์สิ่งที่สวยงาม,I like doing crafts because it helps me focus and create beautiful things.
ฉันตั้งใจจะอ่านหนังสือให้มากขึ้น เพื่อเพิ่มพูนความรู้และเปิดมุมมองใหม่ใหม่,I intend to read more books to expand my knowledge and open new perspectives.
การมีเป้าหมายในชีวิตทำให้เรามีแรงจูงใจและความหมายในการดำเนินชีวิต,Having goals in life gives us motivation and meaning in living.
ฉันชอบการฟังเสียงฝนตก เพราะมันทำให้ฉันรู้สึกสงบและผ่อนคลาย,I like listening to the sound of rain because it makes me feel calm and relaxed.
ถ้าเรารู้จักการจัดลำดับความสำคัญ เราก็จะสามารถบริหารเวลาได้อย่างมีประสิทธิภาพ,"If we know how to prioritize, we can manage our time efficiently."
การฝึกฝนทักษะใหม่ใหม่ ทำให้เรามีความสามารถและความมั่นใจมากขึ้น,Practicing new skills makes us more capable and confident.
ฉันตั้งใจว่าจะเริ่มต้นวันใหม่ด้วยการออกกำลังกายเบาเบา เพื่อให้ร่างกายกระปรี้กระเปร่า,I intend to start a new day with light exercise to energize my body.
ครอบครัวของฉันวางแผนจะไปเที่ยวทะเลช่วงวันหยุดนี้ แต่ยังไม่ได้ตัดสินใจว่าจะไปที่ไหน,"My family plans to go to the beach this holiday, but we have not decided where to go yet."
ถ้าคุณมีเวลาว่างสุดสัปดาห์นี้ เราไปเดินเล่นที่สวนสาธารณะกันไหม,"If you have free time this weekend, shall we go for a walk in the park?"
ฉันกำลังเรียนภาษาใหม่ และถึงแม้มันจะยาก แต่ฉันก็สนุกกับการเรียนรู้,"I am learning a new language, and even though it is hard, I am enjoying learning."
เราควรเตรียมอาหารกลางวันไปปิกนิกด้วยกันที่ชายหาดในวันเสาร์นี้ดีไหม,Should we prepare lunch to have a picnic together at the beach this Saturday?
บ้านของฉันอยู่ใกล้กับภูเขา ดังนั้นฉันจึงมักไปเดินป่ากับสุนัขของฉัน,"My house is near the mountains, so I often go hiking with my dog."
พรุ่งนี้ฉันต้องตื่นเช้าเพื่อไปสนามบิน เพราะเที่ยวบินของฉันออกตอนแปดโมง,Tomorrow I have to wake up early to go to the airport because my flight departs at eight.
ฉันเพิ่งซื้อจักรยานใหม่ และกำลังรอคอยที่จะขี่มันรอบเมือง,I just bought a new bicycle and am looking forward to riding it around the city.
ถ้าฝนไม่ตก เราจะจัดงานเลี้ยงกลางแจ้งเพื่อฉลองวันเกิดของเขา,"If it does not rain, we will have an outdoor party to celebrate his birthday."
หลังจากทำงานหนักมาทั้งสัปดาห์ ฉันคิดว่าเราควรพักผ่อนและดูหนังดีดี สักเรื่อง,"After working hard all week, I think we should relax and watch a good movie."
ฉันได้ยินมาว่ามีร้านกาแฟเปิดใหม่ใกล้ใกล้ สำนักงาน เราควรไปลองดู,I heard there is a new coffee shop near the office; we should go check it out.
เธอสามารถช่วยสอนการทำอาหารจานนี้ให้ฉันได้ไหม เพราะฉันอยากเรียนรู้สูตรนี้,Can you help teach me how to cook this dish because I do like to learn the recipe?
พี่ชายของฉันกำลังจะย้ายไปต่างประเทศเพื่อเรียนต่อ ฉันจะคิดถึงเขามาก,My older brother is moving abroad to study; I will miss him a lot.
ฉันพบหนังสือเล่มเก่าที่ฉันชอบมากสมัยเด็ก มันทำให้ฉันนึกถึงความทรงจำดีดี,I found an old book I loved as a child; it brings back good memories.
เราควรเริ่มวางแผนสำหรับการเดินทางครั้งหน้า เพื่อให้ทุกอย่างเป็นไปอย่างราบรื่น,We should start planning for our next trip to make everything go smoothly.
เมื่อฉันมีเวลาว่าง ฉันมักจะวาดภาพหรือเขียนเรื่องราวสั้นสั้น,"When I have free time, I often draw pictures or write short stories."
เราควรลองทำอาหารสูตรใหม่ใหม่ เพื่อเพิ่มความหลากหลายให้กับมื้ออาหารของเรา,We should try new recipes to add variety to our meals.
แม้ว่าฉันจะไม่เก่งในการเต้น แต่ฉันก็สนุกกับการเข้าชั้นเรียนเต้นกับเพื่อนเพื่อน,"Even though I am not good at dancing, I enjoy taking dance classes with friends."
หลังจากฝนตก ดอกไม้ในสวนก็ดูสดใสและสวยงามมากขึ้น,"After the rain, the flowers in the garden look brighter and more beautiful."
ฉันตื่นเต้นที่จะได้ลองเล่นกีฬาทางน้ำในวันหยุดครั้งหน้า,I am excited to try water sports on my next vacation.
ฉันกำลังคิดจะเลี้ยงแมว เพราะฉันชอบสัตว์เลี้ยงและต้องการเพื่อนที่บ้าน,I am thinking of getting a cat because I love pets and want a companion at home.
คุณอยากเรียนทำขนมกับฉันไหม มันน่าสนุกมากเลย,Would you like to learn baking with me? It would be a lot of fun.
เมื่อเราไปถึงยอดเขา วิวที่มองเห็นก็งดงามจนหายเหนื่อย,"When we reached the mountain top, the view was so beautiful that it took away our fatigue."
ฉันพยายามปลูกผักในสวนหลังบ้าน และหวังว่าจะได้เก็บเกี่ยวเร็วเร็ว นี้,I am trying to grow vegetables in my backyard and hope to harvest them soon.
เราสามารถจัดงานเลี้ยงเล็กเล็ก ที่บ้านเพื่อพบปะกับเพื่อนเก่าได้ไหม,Can we have a small gathering at home to meet up with old friends?
ถ้าคุณต้องการความช่วยเหลือในการทำงาน โปรดบอกฉันได้เลย,"If you need help with the work, please let me know."
การเดินทางด้วยรถไฟครั้งนี้เป็นประสบการณ์ใหม่ที่ฉันตื่นเต้นมาก,This train journey is a new experience that I am very excited about.
ฉันชอบชมพระอาทิตย์ขึ้นตอนเช้า มันทำให้ฉันรู้สึกสดชื่นและพร้อมสำหรับวันใหม่,I love watching the sunrise in the morning; it makes me feel refreshed and ready for the new day.
เราควรไปเยี่ยมชมพิพิธภัณฑ์ศิลปะ เพราะมีนิทรรศการที่น่าสนใจ,We should visit the art museum because there is an interesting exhibition.
แม้ว่าวันนี้จะยุ่งมาก แต่ฉันก็ยังอยากทำอาหารค่ำเอง,"Even though today is very busy, I still want to cook dinner myself."
เธอคิดอย่างไรเกี่ยวกับการจัดงานปาร์ตี้ชุดแฟนซีสำหรับวันเกิดของฉัน,What do you think about having a costume party for my birthday?
หลังจากฝึกฝนมานาน ในที่สุดฉันก็สามารถวิ่งมาราธอนได้สำเร็จ,"After long training, I finally succeeded in running a marathon."
ถ้าเราแบ่งงานกันทำ เราจะเสร็จเร็วขึ้นและมีเวลาพักผ่อนมากขึ้น,"If we divide the work, we will finish faster and have more time to relax."
ฉันชอบไปเดินตลาดนัดตอนเช้า เพราะมีของสดและราคาถูก,I like going to the morning market because there are fresh and cheap goods.
เราควรจัดตารางเวลาเพื่อออกกำลังกายอย่างสม่ำเสมอเพื่อสุขภาพที่ดี,We should schedule regular exercise for good health.
ฉันกำลังพยายามเรียนรู้ทักษะใหม่ใหม่ เพื่อพัฒนาตัวเองและหน้าที่การงาน,I am trying to learn new skills to improve myself and my career.
ฉันคิดว่าเราควรลองทำกิจกรรมใหม่ใหม่ เพื่อค้นหาความสนใจที่ซ่อนอยู่,I think we should try new activities to discover hidden interests.
ถ้าคุณมีโอกาสไปเที่ยวประเทศอื่น คุณอยากไปที่ไหนที่สุด,"If you have a chance to travel abroad, where would you most like to go?"
ฉันกำลังหัดวาดภาพสีน้ำ และหวังว่าจะพัฒนาฝีมือได้เร็วเร็ว นี้,I am learning to paint with watercolors and hope to improve soon.
เราสามารถลองปลูกผักสวนครัวเอง จะได้มีผักสดสด ทานทุกวัน,We can try growing our vegetables so we wil have fresh veggies every day.
ถ้าคุณต้องการพักผ่อน เราสามารถไปเที่ยวทะเลหรือภูเขาก็ได้,"If you need a break, we can go to the beach or the mountains."
คุณอยากลองทำอาหารเมนูพิเศษสำหรับมื้อเย็นวันนี้ไหม,Would you like to try cooking a special dish for dinner tonight?
เราควรหากิจกรรมที่ทุกคนในครอบครัวสามารถทำร่วมกันได้,We should find activities that everyone in the family can do together.
ฉันชอบเข้าครัวกับแม่ เพราะเราได้ใช้เวลาร่วมกันและแลกเปลี่ยนสูตรอาหาร,I love cooking with my mom because we spend time together and exchange recipes.
เมื่อฉันรู้สึกเครียด ฉันมักจะออกไปเดินเล่นเพื่อผ่อนคลายจิตใจ,"When I feel stressed, I usually go for a walk to relax my mind."
เธอคิดอย่างไรถ้าเราจะจัดงานเลี้ยงเงียบเงียบ สำหรับเพื่อนสนิท,What do you think if we have a quiet gathering for close friends?
ฉันกำลังมองหาร้านอาหารใหม่ใหม่ ที่เสิร์ฟอาหารเพื่อสุขภาพ,I am looking for new restaurants that serve healthy food.
เมื่อสุดสัปดาห์มาถึง ฉันชอบใช้เวลาอ่านหนังสือหรือดูภาพยนตร์ดีดี,"When the weekend comes, I like to spend time reading books or watching good movies."
ฉันคิดว่าเราควรเริ่มต้นทำสิ่งที่เรารัก ตั้งแต่วันนี้เลย,"I think we should start doing what we love, starting today."
เธอสนใจที่จะเข้าร่วมเวิร์กช็อปการถ่ายภาพกับฉันไหม,Are you interested in joining a photography workshop with me?
เราสามารถแลกเปลี่ยนความคิดเห็นเพื่อพัฒนางานให้ดีขึ้นได้ไหม,Can we exchange ideas to improve the work?
ฉันดีใจที่ได้พบเธอ เพราะเธอทำให้วันของฉันสดใสขึ้น,I am glad to have met you because you brighten my day.
ถ้าคุณมีเวลาว่าง เราไปเที่ยวชมสถานที่ประวัติศาสตร์ในเมืองกันไหม,"If you have free time, shall we visit historical places in the city?"
เราควรสนับสนุนกันและกันเพื่อให้ทุกคนประสบความสำเร็จ,We should support each other so that everyone succeeds.
ฉันต้องการแบ่งปันเรื่องราวและประสบการณ์กับคนที่ฉันรัก,I want to share stories and experiences with the people I love.
ฉันชอบเรียนรู้วัฒนธรรมและภาษาใหม่ใหม่ เพื่อเข้าใจโลกมากขึ้น,I enjoy learning new cultures and languages to understand the world better.
เธอคิดว่าเราควรเริ่มต้นโครงการนี้เมื่อไหร่ดี,When do you think we should start this project?
คุณอยากเข้าร่วมคลับหนังสือกับฉันไหม เราจะได้แลกเปลี่ยนความคิดกัน,Do you want to join a book club with me? We can exchange ideas.
ฉันกำลังคิดถึงการจัดระเบียบบ้านใหม่ เพื่อทำให้พื้นที่ใช้สอยมากขึ้น,I am thinking about reorganizing the house to maximize space.
ฉันอยากลองเรียนรู้การทำสวน เพื่อปลูกดอกไม้สวยสวย ที่บ้าน,I want to learn gardening to grow beautiful flowers at home.
เธอพร้อมที่จะเริ่มการผจญภัยครั้งใหม่กับฉันหรือยัง,Are you ready to start a new adventure with me?
ฉันรับรู้ว่าการพักผ่อนเพียงพอจะช่วยให้สุขภาพแข็งแรง,I have realized that getting enough rest helps keep us healthy.
ฉันรู้สึกขอบคุณสำหรับทุกโอกาสที่เข้ามาในชีวิตของฉัน,I feel grateful for every opportunity that comes into my life.
แม้ว่าฝนจะตกหนักตลอดทั้งคืน แต่เช้านี้ท้องฟ้ากลับสดใสและแดดออกมาก,"Even though it rained heavily all night, this morning the sky is clear and the sun is shining brightly."
ถ้าเราออกจากบ้านตอนนี้ เราจะไปถึงสนามบินตรงเวลาสำหรับเที่ยวบินของเรา,"If we leave the house now, we will arrive at the airport in time for our flight."
เธอจะไปงานเลี้ยงคืนนี้หรือไม่ ทุกคนรอคอยที่จะพบเธอนะ,Are you going to the party tonight? Everyone is looking forward to seeing you.
แม้ว่าเขาจะยุ่งกับงานมาก แต่เขาก็ยังหาเวลามาเยี่ยมพ่อแม่ของเขาได้,"Even though he is very busy with work, he still finds time to visit his parents."
พี่ชายของฉันชอบเล่นกีตาร์ในตอนเย็น เพราะมันช่วยให้เขาผ่อนคลายหลังจากทำงานหนัก,My older brother likes to play guitar in the evening because it helps him relax after hard work.
การออกกำลังกายเป็นประจำเป็นสิ่งสำคัญสำหรับสุขภาพที่ดีและชีวิตที่ยืนยาว,Regular exercise is important for good health and a long life.
ถ้าฝนไม่ตกพรุ่งนี้ เราจะไปปีนเขาที่อยู่ใกล้ใกล้ เมืองกันไหม,"If it does not rain tomorrow, shall we go hiking at the mountain near the city?"
ฉันลืมกุญแจบ้านไว้ที่ทำงาน ทำให้ต้องกลับไปเอาอีกครั้งหนึ่ง,"I forgot my house keys at work, so I had to go back to get them again."
พรุ่งนี้เป็นวันหยุด เราควรไปเที่ยวทะเลและสนุกกับการว่ายน้ำกัน,Tomorrow is a holiday; we should go to the beach and enjoy swimming.
ฉันกำลังมองหาร้านอาหารที่เสิร์ฟอาหารไทยแท้แท้ ในย่านนี้,I am looking for a restaurant that serves authentic Thai food in this area.
ถึงแม้ว่าเขาจะอายุน้อย แต่เขาก็มีประสบการณ์ในการทำงานมากมาย,"Even though he is young, he has a lot of work experience."
เราควรเตรียมร่มไว้ เพราะพยากรณ์อากาศบอกว่าฝนจะตกในช่วงบ่าย,We should prepare umbrellas because the weather forecast says it will rain in the afternoon.
ฉันชอบฟังเพลงขณะขับรถ เพราะมันทำให้การเดินทางไม่เหงา,I like listening to music while driving because it makes the journey less lonely.
เมื่อฉันไปถึงสถานีรถไฟ ก็พบว่ารถไฟออกไปแล้ว ฉันจึงต้องรอขบวนถัดไป,"When I arrived at the train station, I found that the train had already left, so I had to wait for the next one."
การทำสวนเป็นงานอดิเรกที่ฉันรัก เพราะมันทำให้ฉันใกล้ชิดกับธรรมชาติ,Gardening is a hobby that I love because it brings me close to nature.
เมื่อคืนนี้ฉันฝันเห็นทะเลสาบที่สวยงามและภูเขาที่สูงใหญ่,Last night I dreamt of a beautiful lake and towering mountains.
เขาซื้อของขวัญพิเศษให้เธอ เพื่อแสดงความขอบคุณสำหรับความช่วยเหลือ,He bought her a special gift to show appreciation for her help.
ฉันกำลังพยายามทำอาหารสูตรใหม่ แต่ดูเหมือนว่าจะต้องฝึกฝนอีกมาก,"I am trying to cook a new recipe, but it seems I need more practice."
ถ้าคุณไม่รีบ เราสามารถนั่งพักและดื่มกาแฟด้วยกันก่อนออกเดินทาง,"If you are not in a hurry, we can sit and have coffee together before departing."
ฉันพบหนังสือเล่มโปรดที่หายไปนาน ในกล่องเก็บของเก่า,I found my long-lost favorite book in a box of old belongings.
เธอเรียนภาษาญี่ปุ่นเพื่อที่จะไปเที่ยวที่ประเทศญี่ปุ่นในปีหน้า,She is studying Japanese so that she can travel to Japan next year.
ฉันได้รับเชิญไปงานแต่งงานของเพื่อนสนิทและต้องหาชุดที่เหมาะสม,I have been invited to my close friend's wedding and need to find an appropriate outfit.
เมื่อเราพยายามที่สุดแล้ว ผลลัพธ์จะออกมาอย่างไรก็ไม่ต้องเสียใจ,"When we have done our best, we should not feel sad about whatever the outcome is."
ถ้าคุณเห็นข้อความนี้ โปรดตอบกลับฉันเพื่อให้ฉันรู้ว่าคุณสบายดี,"If you see this message, please reply so I know you are okay."
ฉันต้องไปประชุมที่ต่างประเทศสัปดาห์หน้า จึงต้องเตรียมเอกสารการเดินทาง,"I have to attend a meeting abroad next week, so I need to prepare travel documents."
เราควรรักษาสิ่งแวดล้อม เพื่ออนาคตของลูกหลานของเรา,We should protect the environment for the future of our children.
ฉันกำลังค้นหาข้อมูลสำหรับโครงการวิจัยที่มหาวิทยาลัยกำหนด,I am researching information for a university-assigned research project.
ถ้าคุณต้องการพักผ่อน การเดินทางไปชนบทอาจเป็นทางเลือกที่ดี,"If you need to relax, a trip to the countryside might be a good option."
ถ้าเราประหยัดเงินแต่เนิ่นเนิ่น เราก็จะมีเงินใช้เมื่อเกิดเหตุฉุกเฉิน,"If we save money early on, we will have funds in case of emergencies."
เธอฝึกเล่นเปียโนทุกวัน เพื่อเตรียมตัวสำหรับการประกวด,She practices piano every day to prepare for the competition.
ฉันชอบทำอาหารไทย เพราะรสชาติอร่อยและมีกลิ่นหอมของสมุนไพร,I like cooking Thai food because it is delicious and has the fragrant smell of herbs.
ฉันตั้งนาฬิกาปลุกไว้แต่เช้า เพื่อจะได้ไม่พลาดการนัดหมายสำคัญ,I set the alarm early so I will not miss the important appointment.
เขาเรียนวิชาศิลปะ เพราะต้องการแสดงออกทางความคิดสร้างสรรค์,He studies art because he wants to express his creativity.
แม้ว่าสภาพอากาศจะไม่เอื้ออำนวย เราก็ตัดสินใจออกเดินทางต่อไป,"Even though the weather was unfavorable, we decided to continue our journey."
การเรียนออนไลน์ทำให้ฉันสามารถจัดการเวลาของตัวเองได้ดีขึ้น,Online learning allows me to manage my own time better.
เขาให้คำแนะนำที่มีประโยชน์มาก ซึ่งช่วยให้ฉันแก้ปัญหาได้,He gave very useful advice that helped me solve the problem.
ถ้าคุณต้องการปรึกษาเรื่องใด ฉันยินดีที่จะรับฟังและช่วยเหลือ,"If you need to discuss anything, I am happy to listen and help."
ฉันกำลังวางแผนจัดงานเลี้ยงวันเกิดและต้องการเตรียมอาหารอร่อยอร่อย,I am planning a birthday party and want to prepare delicious food.
เมื่อฤดูหนาวมาเยือน อากาศก็เย็นลงและใบไม้ก็เริ่มเปลี่ยนสี,"When winter arrives, the weather gets colder and the leaves start to change color."
เขากำลังฝึกซ้อมวิ่งมาราธอน เพื่อเตรียมตัวสำหรับการแข่งขันใหญ่,He is training for a marathon to prepare for the big race.
แม้ว่าภาษาไทยจะยากสำหรับชาวต่างชาติ แต่การฝึกฝนจะทำให้เก่งขึ้น,"Even though Thai is difficult for foreigners, practice will make you better."
เราควรเคารพความคิดเห็นของผู้อื่น แม้ว่าเราจะไม่เห็นด้วยก็ตาม,We should respect others' opinions even if we disagree.
ฉันกำลังหาไอเดียสำหรับโครงการใหม่และต้องการความคิดสร้างสรรค์,I am looking for ideas for a new project and need creativity.
ถ้าคุณสามารถรอได้อีกหน่อย ฉันจะทำงานนี้เสร็จและไปกับคุณ,"If you can wait a little longer, I will finish this work and go with you."
เขาชอบอ่านหนังสือวิทยาศาสตร์ เพื่อเรียนรู้เกี่ยวกับจักรวาลและธรรมชาติ,He likes reading science books to learn about the universe and nature.
เมื่อฉันมีเวลาว่าง ฉันมักจะวาดภาพหรือนั่งสมาธิเพื่อผ่อนคลาย,"When I have free time, I often draw or meditate to relax."
ถ้าคุณเดินทางไปเชียงใหม่ อย่าลืมไปเยี่ยมชมวัดที่มีชื่อเสียง,"If you travel to Chiang Mai, do not forget to visit the famous temples."
เราควรจะนัดพบกันอีกครั้ง เพื่อหารือเรื่องที่ยังค้างคาอยู่,We should meet again to discuss the unresolved matters.
เขาตื่นเต้นที่จะได้เริ่มงานใหม่ที่บริษัทที่เขาใฝ่ฝันมานาน,He is excited to start a new job at the company he is long dreamed of.
ถ้าคุณรู้สึกไม่สบายใจ โปรดบอกฉัน ฉันพร้อมที่จะช่วยเหลือ,"If you are feeling uncomfortable, please tell me; I am ready to help."
เมื่อถึงฤดูฝน เราควรเตรียมความพร้อมสำหรับน้ำท่วมที่อาจเกิดขึ้น,"When the rainy season arrives, we should prepare for possible floods."
การวางแผนที่ดีจะช่วยให้เราสามารถจัดการเวลาและทรัพยากรได้อย่างมีประสิทธิภาพ,Good planning will help us manage time and resources efficiently.
ถ้าเราร่วมมือกัน เราก็จะแก้ไขปัญหานี้ได้อย่างรวดเร็ว,"If we cooperate, we can solve this problem quickly."
ฉันวางแผนจะไปเยี่ยมครอบครัวในช่วงวันหยุดยาวที่จะถึงนี้,I am planning to visit my family during the upcoming long holiday.
การอ่านข่าวทุกเช้าทำให้ฉันทันเหตุการณ์และรู้เรื่องราวรอบโลก,Reading the news every morning keeps me updated and informed about the world.
แม้ว่างานจะยากลำบาก แต่ผลลัพธ์ที่ได้ก็คุ้มค่ากับความพยายาม,"Even though the work is tough, the results are worth the effort."
ฉันกำลังเตรียมตัวสำหรับการสอบปลายภาคและต้องการโฟกัสกับการเรียน,I am preparing for the final exams and need to focus on studying.
เขาตั้งใจจะเรียนต่อในระดับบัณฑิตศึกษาเพื่อพัฒนาความรู้ของเขา,He intends to pursue graduate studies to advance his knowledge.
ฉันหวังว่าคุณจะสนุกกับการเดินทางครั้งนี้และเก็บประสบการณ์ที่ดี,I hope you enjoy this trip and have a great experience.
การดูแลต้นไม้และดอกไม้เป็นงานอดิเรกที่ทำให้ฉันผ่อนคลาย,Caring for plants and flowers is a hobby that relaxes me.
ถ้าคุณต้องการคำแนะนำเพิ่มเติม โปรดแจ้งให้ฉันทราบ,"If you need further advice, please let me know."
เขาเดินทางไปทั่วโลกเพื่อเรียนรู้วัฒนธรรมและชีวิตของผู้คนต่างต่าง,He travels around the world to learn about cultures and people's lives.
เราควรใช้เวลาให้คุ้มค่า เพราะเวลานั้นมีค่าและไม่หวนกลับมา,We should make the most of our time because it is valuable and does not return.
วันนี้ฉันตื่นสายเพราะเมื่อคืนดูหนังจนดึก,Today I woke up late because I watched movies until late last night.
ถ้าเธอว่างพรุ่งนี้ เราไปเดินเล่นที่สวนสาธารณะกันไหม,"If you are free tomorrow, shall we go for a walk in the park?"
ตอนเด็กเด็ก ฉันชอบอ่านหนังสือการ์ตูนก่อนนอนทุกคืน,"When I was a kid, I loved reading comic books before bed every night."
เขาบอกว่าจะมาถึงที่นี่ตอนบ่ายสอง แต่ตอนนี้ยังไม่เห็นเลย,"He said he will arrive here at 2 PM, but I have not seen him yet."
เขาชอบฟังเพลงแจ๊สในขณะที่ดื่มกาแฟตอนเช้า,He likes listening to jazz music while drinking coffee in the morning.
เมื่อไหร่ที่คุณมีเวลาว่าง เราควรนัดเจอกันบ้างนะ,"Whenever you have free time, we should meet up."
ฉันเพิ่งซื้อรถใหม่ซึ่งประหยัดน้ำมันและขับสบายมาก,I just bought a new car that is fuel-efficient and very comfortable to drive.
บ้านของเขาอยู่ไกลจากเมือง แต่เงียบสงบและอากาศดี,"His house is far from the city, but it is quiet and has good air."
คุณคิดว่าอันไหนดีกว่าระหว่างช็อกโกแลตกับวานิลลา,Which do you think is better between chocolate and vanilla?
ถ้าเราไม่เริ่มตอนนี้ เราอาจจะไม่ทันเวลาก็ได้,"If we do not start now, we might not make it in time."
เขาชวนฉันไปดูคอนเสิร์ตแต่ฉันติดงานเลยไปไม่ได้,"He invited me to a concert, but I was busy with work so I could not go."
ฉันชอบนั่งอ่านหนังสือที่ร้านกาแฟในวันหยุดสุดสัปดาห์,I like to sit and read books at the coffee shop on weekends.
ถึงเวลาแล้วที่เราควรจะเปลี่ยนแปลงวิธีการทำงานของเรา,It is time that we should change the way we work.
คุณเคยลองกินทุเรียนหรือยัง มันอร่อยมากนะ,Have you ever tried durian? It is very delicious.
แม้ว่าฉันจะไม่เก่งกีฬา แต่ฉันก็ชอบดูการแข่งขัน,"Even though I am not good at sports, I like watching competitions."
เขาเพิ่งกลับมาจากต่างประเทศและมีเรื่องราวมากมายจะเล่า,He just returned from abroad and has many stories to tell.
ถ้าคุณสนใจงานนี้ โปรดส่งประวัติส่วนตัวมาให้เราพิจารณา,"If you are interested in this job, please send us your resume for consideration."
ถึงแม้ว่าภาษาไทยจะยาก แต่ฉันก็อยากจะศึกษาให้เข้าใจ,"Even though the Thai language is difficult, I still want to study to understand it."
เขาบอกว่าจะช่วยฉันย้ายบ้านในวันเสาร์นี้,He said he would help me move house this Saturday.
คุณมีคำแนะนำไหมว่าฉันควรไปเที่ยวที่ไหนดี,Do you have any suggestions on where I should travel?
เราควรจะตั้งงบประมาณก่อนที่จะเริ่มโครงการนี้,We should set a budget before starting this project.
ถึงแม่จะไม่สบาย แต่เธอก็ยังยิ้มให้ฉันเสมอ,"Even though mom is ill, she always smiles at me."
เราควรจะรีบออกไปก่อนที่รถจะติดมากกว่านี้,We should hurry out before the traffic gets worse.
ถ้าเธอมีเวลา เรามานั่งคุยกันหน่อยไหม,"If you have time, shall we sit and talk for a bit?"
เขาชอบเลี้ยงสัตว์และมีแมวสามตัวที่บ้าน,He likes raising animals and has three cats at home.
ฉันกำลังหาเพลงใหม่ใหม่ ฟัง คุณมีเพลงแนะนำไหม,"I am looking for new songs to listen to, do you have any recommendations?"
แม้ว่าเราจะเคยผิดพลาด แต่เราก็เรียนรู้จากมันได้,"Even though we have made mistakes, we can learn from them."
เขาเป็นคนตลกและทำให้ทุกคนหัวเราะได้เสมอ,He is a funny person and always makes everyone laugh.
ฉันอยากลองทำอาหารสูตรใหม่ที่เห็นในอินเตอร์เน็ต,I want to try making a new recipe I saw on the internet.
ถึงเวลาที่ฉันควรจะจัดบ้านให้เรียบร้อยเสียที,It is time I should tidy up the house.
เราไปดูหนังกันเถอะ หนังเรื่องนี้น่าสนใจมาก,Let's go watch a movie; this one seems very interesting.
ถ้าฝนตก เราก็เปลี่ยนไปทำกิจกรรมในร่มแทนได้,"If it rains, we can switch to indoor activities instead."
ฉันเคยไปที่นั่นเมื่อปีที่แล้วและชอบมาก,I went there last year and really liked it.
คุณคิดว่าการออกกำลังกายสำคัญต่อสุขภาพอย่างไร,How do you think exercise is important for health?
แม้ว่างานนี้จะท้าทาย แต่ฉันก็พร้อมที่จะเผชิญหน้ากับมัน,"Even though this job is challenging, I am ready to face them."
ฉันต้องการซื้อคอมพิวเตอร์ใหม่เพราะเครื่องเก่าเสีย,I need to buy a new computer because the old one broke.
ถ้าเราเดินทางด้วยรถไฟ เราจะประหยัดเวลากว่านี้,"If we travel by train, we will save more time."
ฉันชอบอ่านหนังสือแนวสืบสวนและลึกลับ,I like reading detective and mystery novels.
เขากำลังมองหางานใหม่ที่ท้าทายและมีโอกาสก้าวหน้า,He is looking for a new job that is challenging and has advancement opportunities.
ฉันตื่นเต้นที่จะได้พบกับเพื่อนเก่าสมัยเรียน,I am excited to meet my old school friends.
ถึงแม้ว่าเสื้อผ้าชุดนี้จะสวย แต่ราคาก็แพงมาก,"Even though this outfit is beautiful, it is very expensive."
เขากำลังศึกษาด้านวิศวกรรมที่มหาวิทยาลัยชื่อดัง,He is studying engineering at a famous university.
ฉันชอบเดินเล่นริมแม่น้ำในยามเย็นหลังเลิกงาน,I like strolling by the river in the evening after work.
ฉันฝันอยากมีบ้านเล็กเล็ก ในชนบทที่สงบและเรียบง่าย,I dream of having a small house in the countryside that is peaceful and simple.
เขากำลังเตรียมสอบและอ่านหนังสือตลอดทั้งคืน,He is preparing for exams and studied all night.
คุณเคยไปเที่ยวภาคเหนือของประเทศไทยหรือยัง,Have you ever traveled to Northern Thailand?
ฉันอยากเรียนรู้การวาดภาพสีน้ำมันแต่ไม่มีพื้นฐานเลย,I want to learn oil painting but have no foundation.
เขาชอบสะสมแสตมป์และมีคอลเลกชันมากมาย,He likes collecting stamps and has a huge collection.
ถ้าคุณพร้อมแล้ว เราจะเริ่มเดินทางกันทันที,"If you are ready, we will start our journey immediately."
เราควรจะลองร้านนี้ เพราะมีคนบอกว่าอร่อยมาก,We should try this restaurant because people say it is very good.
ฉันกำลังวางแผนจะเรียนต่อปริญญาโทในปีหน้า,I am planning to pursue a master's degree next year.
เขาเป็นคนรักสัตว์และมักไปช่วยที่ศูนย์พักพิงสัตว์,He is an animal lover and often volunteers at animal shelters.
ถ้าเราวางแผนดีดี เราก็จะทำงานเสร็จตามกำหนด,"If we plan well, we will finish the work on schedule."
คุณมีความฝันอะไรที่อยากจะทำให้เป็นจริง,What dreams do you have that you want to fulfill?
ฉันกำลังศึกษาเกี่ยวกับประวัติศาสตร์ศิลปะไทย,I am studying about Thai art history.
ถึงแม้ว่าเขาจะล้มเหลวครั้งแรก แต่เขาก็ไม่ยอมแพ้,"Even though he failed the first time, he did not give up."
เราควรจะไปถึงสนามบินก่อนเวลาอย่างน้อยสองชั่วโมง,We should arrive at the airport at least two hours early.
เขากำลังฝึกพูดภาษาจีนเพื่อใช้ในการทำงาน,He is practicing speaking Chinese for work purposes.
ฉันอยากลองเล่นเครื่องดนตรีใหม่ใหม่ เช่น ไวโอลิน,I want to try playing new musical instruments like the violin.
แม้ว่าฉันจะกลัวความสูง แต่ฉันก็อยากลองเล่นร่มร่อน,"Even though I am afraid of heights, I want to try paragliding."
คุณคิดว่าอนาคตของเทคโนโลยีจะเป็นอย่างไร,What do you think the future of technology will be like?
เขามีความสามารถในการแก้ปัญหาที่ซับซ้อน,He can solve complex problems.
ฉันตั้งใจว่าจะเขียนหนังสือเกี่ยวกับประสบการณ์ชีวิต,I intend to write a book about life experiences.
ถ้าคุณมีคำถามเพิ่มเติม โปรดอย่าลังเลที่จะถาม,"If you have further questions, please do not hesitate to ask."
เขาเป็นนักกีฬาที่มีความมุ่งมั่นและตั้งใจสูง,He is an athlete with great determination and dedication.
ฉันชอบดูดาวบนท้องฟ้ายามค่ำคืนที่ปราศจากแสงเมือง,I love stargazing at night skies free from city lights.
เราควรจะมีความรับผิดชอบต่อสังคมและสิ่งแวดล้อม,We should be responsible towards society and the environment.
ฉันตื่นเช้าขึ้นมาแล้วออกไปเดินเล่นรอบสวนสาธารณะเพื่อสูดอากาศบริสุทธิ์,I woke up early and walked around the park to breathe fresh air.
ถ้าคุณมีเวลาว่างพรุ่งนี้เราไปทานอาหารกลางวันด้วยกันไหม,"If you have free time tomorrow, shall we have lunch together?"
ตอนเด็กเด็กฉันชอบอ่านหนังสือใต้ต้นไม้ใหญ่หลังบ้านของฉัน,"As a child, I loved reading books under the big tree behind my house."
ฉันรู้สึกดีใจที่ได้พบเพื่อนเก่าที่ไม่ได้เจอกันมานานหลายปี,I was happy to meet an old friend whom I had not seen for many years.
เขาทำงานหนักเพื่อที่จะสามารถดูแลครอบครัวได้อย่างดีที่สุด,He works hard so that he can take care of his family in the best way.
หลังจากที่ฝนหยุดตก พระอาทิตย์ก็โผล่ออกมาส่องแสงสดใส,"After the rain stopped, the sun came out shining brightly."
พรุ่งนี้ฉันจะไปซื้อของที่ตลาดเช้า คุณอยากจะไปด้วยกันไหม,"Tomorrow I will go shopping at the morning market, would you like to come along?"
เขาชอบเล่นกีฬาหลายประเภท โดยเฉพาะฟุตบอลและบาสเกตบอล,"He likes to play many types of sports, especially football and basketball."
ฉันต้องการเรียนรู้ภาษาใหม่ใหม่ เพื่อที่จะเปิดโลกทัศน์ของฉัน,I want to learn new languages to broaden my worldview.
เมื่อรถไฟมาถึงสถานี เราก็เก็บกระเป๋าและเตรียมลงจากรถ,"When the train arrived at the station, we packed our bags and prepared to get off."
ถ้าเราเริ่มต้นตั้งแต่ตอนนี้ เราจะมีเวลามากพอที่จะทำงานเสร็จ,"If we start now, we will have enough time to finish the work."
ฉันเชื่อว่าความพยายามและความอดทนจะนำพาเราไปสู่ความสำเร็จ,I believe that effort and patience will lead us to success.
หลังจากทำงานเหน็ดเหนื่อยมาทั้งวัน ฉันก็กลับบ้านไปพักผ่อน,"After a long day at work, I went home to rest."
เราควรดูแลสุขภาพของตนเองโดยการออกกำลังกายและกินอาหารที่มีประโยชน์,We should take care of our health by exercising and eating nutritious food.
เมื่อถึงเวลาเรียน นักเรียนทุกคนก็นั่งที่และเตรียมตัวเรียนอย่างตั้งใจ,"When it is class time, all the students sit down and get ready to learn attentively."
ถ้าคุณสนใจ เราสามารถจัดการประชุมเพื่อหารือรายละเอียดเพิ่มเติม,"If you are interested, we can arrange a meeting to discuss further details."
เขาชื่นชอบการอ่านหนังสือประวัติศาสตร์และวรรณกรรมคลาสสิก,He enjoys reading history books and classic literature.
ในขณะที่ฝนตกหนัก เราควรอยู่บ้านและหลีกเลี่ยงการออกไปข้างนอก,"While it is raining heavily, we should stay home and avoid going outside."
เมื่อเราทำงานร่วมกัน เราสามารถสร้างสิ่งที่ยิ่งใหญ่ได้,"When we work together, we can create great things."
ฉันรู้สึกตื่นเต้นกับโอกาสใหม่ใหม่ ที่กำลังมาถึงในชีวิต,I am excited about the new opportunities coming into my life.
หลังจากที่ได้ยินข่าวดี ทุกคนก็ยิ้มแย้มและมีความสุขมาก,"After hearing the good news, everyone smiled and was very happy."
เมื่อถึงเวลาสำคัญ เราควรตัดสินใจด้วยความรอบคอบและระมัดระวัง,"When it is an important time, we should make decisions carefully and cautiously."
เธอเป็นคนที่มีความคิดสร้างสรรค์และมักจะมีไอเดียใหม่ใหม่ เสมอ,She is a creative person and always has new ideas.
ในอนาคต ฉันต้องการเปิดธุรกิจของตัวเองและทำตามความฝัน,"In the future, I want to start my own business and follow my dreams."
ถ้าคุณฝึกฝนอย่างสม่ำเสมอ ความสามารถของคุณจะพัฒนาขึ้นอย่างแน่นอน,"If you practice regularly, your skills will definitely improve."
เมื่อเธอได้รับของขวัญ เธอก็ยิ้มและขอบคุณด้วยความจริงใจ,"When she received the gift, she smiled and thanked sincerely."
เขากำลังวางแผนที่จะเรียนต่อในระดับปริญญาโทที่ต่างประเทศ,He is planning to pursue a master's degree abroad.
ถ้าเราทำงานเป็นทีม เราจะสามารถบรรลุเป้าหมายได้เร็วขึ้น,"If we work as a team, we can achieve our goals faster."
เธอสนใจในการวาดภาพและมักจะใช้เวลาว่างในการสร้างสรรค์ผลงาน,She is interested in painting and often spends free time creating artwork.
เมื่อเราเจอเพื่อนเก่า เราก็พูดคุยกันอย่างสนุกสนานและแลกเปลี่ยนประสบการณ์,"When we meet old friends, we chat happily and share experiences."
เมื่อได้รับคำแนะนำ เขาก็นำไปปรับใช้และปรับปรุงตนเองต่อไป,"When he received advice, he applied it and continued to improve himself."
เธอฝันที่จะเป็นนักดนตรีมืออาชีพและแสดงบนเวทีใหญ่,She dreams of becoming a professional musician and performing on big stages.
ในช่วงสุดสัปดาห์ ฉันชอบทำสวนและปลูกผักเพื่อสุขภาพ,"On weekends, I like gardening and growing vegetables for health."
เขาชื่นชอบการเล่นหมากรุกและมักจะแข่งขันกับเพื่อนเพื่อน,He enjoys playing chess and often competes with friends.
เมื่อถึงเวลาเย็น ฉันมักจะออกไปวิ่งเพื่อผ่อนคลายความเครียด,"In the evening, I usually go for a run to relieve stress."
ถ้าเราศึกษาและเตรียมตัวมาอย่างดี การสอบครั้งนี้จะไม่ยากเกินไป,"If we study and prepare well, this exam will not be too difficult."
เธอรักการเต้นและมักจะเข้าร่วมงานเทศกาลต่างต่าง,She loves dancing and often attends various festivals.
ฉันกำลังมองหาวิธีที่จะประหยัดเงินเพื่อการเดินทางในฝัน,I am looking for ways to save money for a dream trip.
เมื่อฝนหยุดตก เราก็ออกไปเดินเล่นและชมสายรุ้งที่สวยงาม,"When the rain stopped, we went out for a walk and admired the beautiful rainbow."
เขาตั้งใจที่จะเรียนภาษาใหม่เพื่อเปิดโอกาสในการทำงาน,He intends to learn a new language to open up job opportunities.
ฉันเชื่อว่าการให้ความสำคัญกับครอบครัวเป็นสิ่งที่สำคัญที่สุด,I believe that prioritizing family is the most important thing.
ถ้าเราสามารถจัดการความคิดและอารมณ์ได้ เราก็จะมีความสุขมากขึ้น,"If we can manage our thoughts and emotions, we will be happier."
เมื่อเราได้ลองทำสิ่งใหม่ใหม่ เราอาจพบว่ามีความสามารถที่ไม่เคยรู้มาก่อน,"When we try new things, we may discover abilities we never knew we had."
ฉันต้องการพัฒนาทักษะการสื่อสารเพื่อสร้างความสัมพันธ์ที่ดีขึ้น,I want to improve my communication skills to build better relationships.
เธอมีความฝันที่จะเป็นนักเขียนและกำลังเขียนหนังสือเล่มแรกของเธอ,She dreams of becoming a writer and is writing her first book.
เขาตัดสินใจที่จะเปลี่ยนแปลงตนเองเพื่ออนาคตที่ดีกว่า,He decided to change himself for a better future.
ฉันชอบฟังเรื่องราวและประสบการณ์จากคนที่มีชีวิตหลากหลาย,I like listening to stories and experiences from people with diverse lives.
ฉันหวังว่าเราจะสามารถทำงานร่วมกันได้เพื่อเป้าหมายที่ยิ่งใหญ่กว่า,I hope we can work together for a greater goal.
ถ้าเราสามารถเข้าใจผู้อื่น โลกนี้จะเต็มไปด้วยความสงบสุข,"If we can understand others, the world will be full of peace."
ฉันกำลังฝึกการเล่นเปียโนและหวังว่าจะเล่นเพลงโปรดได้เร็วเร็ว นี้,I am practicing piano and hope to play my favorite songs soon.
เธอฝันที่จะเดินทางรอบโลกและสัมผัสวัฒนธรรมที่แตกต่างกัน,She dreams of traveling the world and experiencing different cultures.
ฉันเชื่อว่าความรักและความเข้าใจเป็นกุญแจสู่ความสุข,I believe that love and understanding are keys to happiness.
ถ้าเรารู้จักแบ่งปัน โลกนี้จะเต็มไปด้วยความสุขและความรัก,"If we know how to share, the world will be full of happiness and love."
เธอมีความสามารถในด้านศิลปะและกำลังจัดแสดงผลงานของเธอ,She has artistic talent and is exhibiting her works.
เมื่อเรามีเป้าหมายที่ชัดเจน เราก็จะมุ่งมั่นและไม่หลงทาง,"When we have clear goals, we will be determined and not lose our way."
เขาตัดสินใจที่จะเริ่มต้นธุรกิจของตนเองและทำตามความฝัน,He decided to start his own business and follow his dreams.
ถ้าเรารักและยอมรับตนเอง เราก็จะมีความสุขกับชีวิตมากขึ้น,"If we love and accept ourselves, we will be happier with life."
ฉันหวังว่าเราจะสามารถสร้างความเปลี่ยนแปลงที่ดีให้กับโลกนี้,I hope we can make a positive change in this world.
เขามุ่งมั่นที่จะเรียนรู้และพัฒนาตนเองอยู่เสมอ,He is determined to always learn and improve himself.
ถ้าเราสามารถเข้าใจความรู้สึกของผู้อื่น ความสัมพันธ์ก็จะดีขึ้น,"If we can understand others' feelings, relationships will improve."
เธอชื่นชอบการถ่ายภาพและมักจะจับภาพช่วงเวลาที่สวยงาม,She enjoys photography and often captures beautiful moments.
ฉันต้องการทำให้ทุกวันมีความหมายและเต็มไปด้วยความสุข,I want to make every day meaningful and full of happiness.
เขาฝันที่จะเป็นนักวิทยาศาสตร์และค้นพบสิ่งใหม่ใหม่ เพื่อช่วยมนุษยชาติ,He dreams of becoming a scientist and discovering new things to help humanity.
ถ้าเรามีความกล้าที่จะเปลี่ยนแปลง เราก็จะสร้างชีวิตที่ดีขึ้นได้,"If we dare to change, we can create a better life."
เธอกำลังศึกษาเรื่องการออกแบบเพื่อสร้างผลงานที่สร้างสรรค์,She is studying design to create creative works.
ฉันเชื่อว่าความเมตตาและความเอื้อเฟื้อเผื่อแผ่สามารถเปลี่ยนแปลงโลกได้,I believe that kindness and generosity can change the world.
เขาชอบทำงานศิลปะและมักจะใช้เวลาในการสร้างสรรค์สิ่งใหม่ใหม่,He likes doing art and often spends time creating new things.
เธอต้องการที่จะเป็นครูและช่วยแนะนำนักเรียนให้เติบโตอย่างมีคุณภาพ,She wants to be a teacher and guide students to grow with quality.
ฉันกำลังเรียนทำอาหารไทยกับแม่ที่บ้าน และตั้งใจว่าจะทำเมนูที่เรียบง่ายก่อนเป็นอันดับแรก,"I am learning to cook Thai food with my mother at home, and plan to start with simple recipes first."
ผมสังเกตเห็นว่าร้านเบเกอรี่เล็กเล็ก แถวบ้านเปิดขายเค้กและขนมปังหอมกรุ่นทุกเช้า,I noticed that the small bakery near my house opens every morning selling fresh cakes and fragrant bread.
หมอแนะนำให้พักผ่อนให้เพียงพอและไม่ควรโหมงานหนักจนเกินไป เพราะร่างกายต้องการการฟื้นฟู,The doctor advised getting enough rest and not overworking because the body needs recovery.
เพื่อนของฉันชอบหนุนหลังด้วยหมอนนุ่มนุ่ม เวลานั่งทำงานที่โต๊ะเป็นเวลานาน,My friend likes to support their back with soft pillows when working at the desk for long periods.
ถึงจะมีงานเยอะแค่ไหน ก็ต้องจัดการให้เป็นระบบและค่อยค่อย ทำไปทีละอย่าง,"No matter how much work there is, we need to organize it systematically and do it one by one."
ทุกครั้งที่ล็อคประตูบ้าน ฉันจะตรวจสอบซ้ำอีกครั้งเพื่อความมั่นใจ,"Every time I lock the house door, I double-check it to make sure."
แม้ว่าจะเหนื่อย แต่เธอก็ยังพยายามทำงานต่อไปโดยไม่ย่อท้อ,"Even though she is tired, she continues working without giving up."
ตอนนี้มีร้านอาหารเปิดใหม่อยู่แถวนี้หลายร้าน ทำให้มีตัวเลือกมากขึ้นกว่าเดิม,"There are several new restaurants opening in this area now, giving us more choices than before."
คนที่สนับสนุนโครงการนี้มาตั้งแต่ต้นกำลังรู้สึกภูมิใจที่เห็นความสำเร็จ,People who have supported this project from the beginning are feeling proud to see its success.
เราควรหากิจกรรมสนุกสนุก ทำกันเถอะ อย่าแต่นั่งดูโทรทัศน์อย่างเดียว,"We should find fun activities to do together, do not just sit and watch television."
ฉันชอบไปเดินเล่นในสวนสาธารณะตอนเย็นเย็น เพราะอากาศเย็นสบายกว่าตอนกลางวัน,I like to walk in the park in the evening because the weather is more pleasant than during the day.
ทุกคนในครอบครัวช่วยกันสนับสนุนความฝันของน้องสาวที่อยากเป็นนักดนตรี,Everyone in the family helps support my younger sister's dream of becoming a musician.
มาเถอะ เราไปหาอะไรอร่อยอร่อย กินกัน ฉันหิวมากแล้ว,"Come on, let's go find something delicious to eat, I am very hungry."
ผมต้องรีบทำงานให้เสร็จก่อนที่จะถึงเวลาประชุมบ่ายนี้,I need to hurry and finish work before the meeting this afternoon.
เธอชอบทำเค้กและคุกกี้แจกเพื่อนเพื่อน ในวันเกิด,She likes to make cakes and cookies to give to friends on her birthday.
ฉันชอบดูพระอาทิตย์ตกที่ชายหาดมากกว่าที่อื่นอื่น,I prefer watching the sunset at the beach more than anywhere else.
หมอแนะนำให้หลีกเลี่ยงการโหมงานหนักในช่วงที่ร่างกายยังไม่แข็งแรง,The doctor advised avoiding overworking while the body is not yet strong.
มาเถอะ เราไปเดินเล่นในสวนกัน อากาศดีมาก,"Come on, let's go for a walk in the park, the weather is very nice."
มีลูกค้าเยอะมากที่มารอซื้อขนมในวันเปิดร้านใหม่,There are many customers waiting to buy desserts on the new store's opening day.
ในที่สุดฉันก็ได้ลองทำเค้กช็อกโกแลตสูตรของคุณยายที่เก็บไว้นาน,"Finally, I got to try making my grandmother's chocolate cake recipe that has been kept for a long time."
น้ำในแม่น้ำไหลเอื่อยเอื่อย สะท้อนแสงแดดยามเย็นสวยงาม,"The river flows gently, beautifully reflecting the evening sunlight."
คุณหมอแนะนำให้ผมโหมงานน้อยลงและพักผ่อนให้เพียงพอ,The doctor advised me to work less intensively and get enough rest.
น้องสาวชอบใช้หมอนนุ่มนุ่ม หนุนหลังเวลานั่งอ่านหนังสือ,My younger sister likes to use soft pillows to support her back while reading books.
ร้านนี้มีลูกค้าเยอะมากในช่วงเทศกาล ต้องต่อคิวนานหลายชั่วโมงกว่าจะได้ซื้อของ,"This shop is very crowded during festivals, having to queue for several hours to make purchases."
ร้านเบเกอรี่เล็กเล็ก นี้ขายเค้กและคุกกี้โฮมเมดที่อร่อยมาก,This small bakery sells delicious homemade cakes and cookies.
แม่ชอบใช้หมอนหนุนหลังเวลานั่งดูโทรทัศน์เป็นเวลานาน,Mom likes to use a pillow to support her back when watching television for long periods.
มาเถอะ เราไปหาอะไรสนุกสนุก ทำกัน อย่าอยู่แต่ในบ้าน,"Come on, let's go find something fun to do, do not just stay at home."
วันนี้มีคนมาเรียนเยอะมากจนห้องเรียนแทบจะไม่พอ,Today there are so many students that the classroom is almost not enough.
ฉันจึงตัดสินใจเริ่มธุรกิจออนไลน์ของตัวเองในที่สุด,"Therefore, I finally decided to start my own online business."
เค้กช็อกโกแลตที่ร้านนี้อร่อยมาก ทำให้ต้องกลับมาซื้อซ้ำ,The chocolate cake at this shop is so delicious that I have to come back and buy it again.
ร้านอาหารใหม่นี้ตั้งอยู่ไม่ไกลจากที่ทำงานมากกว่าร้านเดิม,This new restaurant is located not much further from the workplace than the old one.
ทุกคนในทีมให้การสนับสนุนแนวคิดใหม่ใหม่ ในการพัฒนาผลิตภัณฑ์,Everyone in the team supports new ideas for product development.
ที่ห้างสรรพสินค้ามีคนเยอะมากในช่วงลดราคาพิเศษ,The shopping mall is very crowded during special discount periods.
เธอจึงเริ่มเรียนทำอาหารไทยกับแม่ที่บ้านทุกวันอาทิตย์,"Therefore, she started learning to cook Thai food with her mother at home every Sunday."
เราต้องรีบทำงานให้เสร็จก่อนที่จะถึงกำหนดส่ง,We need to hurry and finish the work before the deadline.
คุณยายชอบทำเค้กและขนมไทยแจกเพื่อนบ้านในวันเทศกาล,Grandmother likes to make cakes and Thai desserts to give to neighbors during festivals.
เธอชอบนั่งดูพระอาทิตย์ตกที่ระเบียงมากกว่าที่อื่น,She prefers watching the sunset from the balcony more than anywhere else.
น้องชายชอบใช้หมอนนุ่มนุ่ม หนุนหลังขณะเล่นเกม,My younger brother likes to use soft pillows to support his back while playing games.
มาออกกำลังกายกันเถอะ อากาศเย็นสบายดี,"Let's exercise together, the weather is pleasantly cool."
ร้านขนมมีลูกค้าเยอะมากในช่วงเทศกาลปีใหม่,The dessert shop is very crowded during the New Year festival.
ฉันจึงตัดสินใจสมัครเรียนคอร์สออนไลน์เพิ่มเติม,"Therefore, I decided to enroll in additional online courses."
น้ำในคลองไหลเอื่อยเอื่อย ท่ามกลางธรรมชาติที่ร่มรื่น,The water in the canal flows gently amidst the shady nature.
โครงการนี้ใหญ่กว่าที่คิดไว้ แต่เราจะทำให้สำเร็จ,"This project is bigger than expected, but we will make it successful."
เธอจึงเริ่มเรียนทำอาหารออนไลน์กับเชฟชื่อดัง,"Therefore, she started taking online cooking classes with a famous chef."
แม้ว่าฝนจะตกหนัก น้ำก็ยังไม่ท่วมสวนหลังบ้าน,"Even though it is raining heavily, the water has not flooded the backyard garden."
งานนี้ยากกว่าที่คาดไว้ แต่เราต้องทำให้สำเร็จ,"This task is harder than expected, but we must complete it."
มาทำอาหารกันเถอะ ฉันมีสูตรอร่อยอร่อย หลายอย่าง,"Let's cook together, I have several delicious recipes."
วันนี้มีคนมาร้านเยอะมากเพราะมีโปรโมชั่นพิเศษ,Today there are many customers at the shop because of the special promotion.
เมื่อวันหยุดยาวที่ผ่านมา เราได้ไปเที่ยวภูเขาและทะเลกับครอบครัวของฉัน,"During the long holiday, we went to the mountains and the sea with my family."
ฉันชอบเล่นฟุตบอลกับเพื่อนเพื่อน ตอนเย็นหลังเลิกงาน เพราะทำให้ร่างกายแข็งแรง,I enjoy playing football with friends in the evenings after work because it keeps me fit.
การออกกำลังกายเป็นสิ่งสำคัญ แต่ว่าการพักผ่อนก็สำคัญไม่แพ้กัน,"Exercising is important, but resting is equally important."
ฉันกำลังวางแผนจะไปเที่ยวญี่ปุ่นช่วงฤดูใบไม้ผลิ เพราะอากาศดีและดอกซากุระบาน,I am planning to travel to Japan during spring because the weather is nice and the cherry blossoms bloom.
เมื่อวานนี้ฉันได้ลองเล่นแบดมินตันครั้งแรก และมันสนุกมาก,"Yesterday I tried playing badminton for the first time, and it was very fun."
ถ้าเราออกเดินทางตอนนี้ เราจะไปถึงจุดหมายก่อนพระอาทิตย์ตกดิน,"If we depart now, we will reach our destination before sunset."
ฉันกำลังเรียนรู้ภาษาสเปน เพื่อที่จะสื่อสารกับเพื่อนใหม่จากเม็กซิโก,I am learning Spanish to communicate with my new friend from Mexico.
ฉันต้องการซื้อของขวัญพิเศษให้กับน้องสาวในวันเกิดของเธอ,I want to buy a special gift for my sister on her birthday.
ในฤดูหนาว ฉันชอบนั่งจิบชาร้อนและอ่านหนังสือที่บ้าน,"In winter, I like to sip hot tea and read books at home."
เธอวางแผนที่จะเรียนต่อปริญญาโทในต่างประเทศปีหน้า,She plans to pursue her master's degree abroad next year.
ฉันตื่นเต้นมากที่จะได้เห็นคอนเสิร์ตของศิลปินที่ชื่นชอบคืนนี้,I am very excited to see my favorite artist's concert tonight.
เราควรสำรวจสถานที่ใหม่ใหม่ เพื่อเปิดประสบการณ์ที่ไม่เคยมีมาก่อน,We should explore new places to gain experiences we have never had before.
เขาเป็นคนที่มีความคิดสร้างสรรค์และมีแรงบันดาลใจมาก,He is a very creative and inspiring person.
หลังจากฝนตก ฟ้าก็เปิดและมีรุ้งกินน้ำปรากฏขึ้น,"After the rain, the sky cleared and a rainbow appeared."
ฉันกำลังมองหาหนังสือที่เกี่ยวกับการพัฒนาตนเองเพื่ออ่าน,I am looking for books on self-improvement to read.
เมื่อเราเดินทางไปต่างประเทศ เราจะได้เรียนรู้วัฒนธรรมใหม่ใหม่,"When we travel abroad, we get to learn new cultures."
แม้ว่าเราจะเคยผิดพลาด แต่เราสามารถเริ่มต้นใหม่ได้เสมอ,"Even though we have made mistakes, we can always start anew."
ถ้าเราเก็บออมเงินทุกเดือน เราจะสามารถซื้อบ้านได้ในอนาคต,"If we save money every month, we can buy a house in the future."
ฉันคิดว่าเราควรลองอาหารใหม่ใหม่ เพื่อประสบการณ์ที่ต่างออกไป,I think we should try new foods for a different experience.
เขากำลังฝึกเล่นกีตาร์ เพื่อที่จะเล่นเพลงโปรดของเขาได้,He is practicing guitar to play his favorite songs.
ฉันวางแผนจะเรียนรู้การวาดภาพสีน้ำในช่วงวันหยุดนี้,I plan to learn watercolor painting during this holiday.
ถึงแม้ว่าทางจะไกล แต่ถ้าเราเริ่มก้าวเดิน เราก็จะไปถึง,"Even though the journey is long, if we start walking, we will get there."
ฉันชอบอากาศเย็นของฤดูใบไม้ร่วงและสีสันของใบไม้ที่เปลี่ยนไป,I love the cool air of autumn and the changing colors of the leaves.
เมื่อเราฟังเพลงที่ชอบ จะช่วยให้เรารู้สึกดีขึ้น,"When we listen to music we like, it helps us feel better."
เขากำลังศึกษาวิทยาศาสตร์คอมพิวเตอร์ เพราะเขาชอบเทคโนโลยี,He is studying computer science because he likes technology.
ถ้าคุณพร้อมแล้ว เราสามารถเริ่มโปรเจกต์นี้ได้ทันที,"If you are ready, we can start this project immediately."
หลังจากที่เราเรียนจบแล้ว เราควรวางแผนอนาคตของเราให้ดี,"After we graduate, we should plan our future well."
เธอเชื่อว่าการคิดบวกจะนำพาสิ่งดีดี เข้ามาในชีวิต,She believes that positive thinking brings good things into life.
เธอกำลังศึกษาเรื่องสิ่งแวดล้อม เพื่อช่วยรักษาโลกของเรา,She is studying environmental issues to help save our planet.
ฉันวางแผนจะปลูกสวนผักเล็กเล็ก ในสนามหลังบ้าน,I plan to plant a small vegetable garden in the backyard.
เขากำลังฝึกฝนการพูดในที่ชุมชน เพื่อเพิ่มความมั่นใจ,He is practicing public speaking to boost his confidence.
เธอกำลังศึกษาเกี่ยวกับศิลปะ เพื่อพัฒนาทักษะการวาดภาพ,She is studying art to improve her drawing skills.
ฉันสนใจเรื่องดาราศาสตร์และชอบดูดาวในคืนที่ท้องฟ้าแจ่มใส,I am interested in astronomy and love stargazing on clear nights.
การออกไปท่องเที่ยวทำให้เราได้รับประสบการณ์และความทรงจำดีดี,Traveling gives us experiences and good memories.
เขาวางแผนจะเรียนรู้การทำอาหาร เพื่อทำอาหารให้ครอบครัว,He plans to learn cooking to make meals for his family.
ฉันกำลังมองหาหนังสือดีดี เพื่ออ่านระหว่างเดินทาง,I am looking for good books to read while traveling.
เขาชอบอ่านหนังสือการ์ตูนในเวลาว่างเพื่อความบันเทิง,He likes reading comics in his free time for entertainment.
เมื่อเรารักและเคารพตัวเอง เราก็จะรักผู้อื่นได้มากขึ้น,"When we love and respect ourselves, we can love others more."
เธอกำลังฝึกเล่นเปียโน เพื่อแสดงในงานคอนเสิร์ตของโรงเรียน,She is practicing piano to perform at the school concert.
ฉันคิดว่าเราควรใส่ใจสิ่งแวดล้อม เพื่ออนาคตของโลก,I think we should care for the environment for the future of the world.
การเดินทางด้วยจักรยานทำให้เราได้ออกกำลังกายและประหยัดพลังงาน,Traveling by bicycle lets us exercise and save energy.
เขาชอบดูภาพยนตร์แนวผจญภัยและวิทยาศาสตร์,He likes watching adventure and science fiction movies.
ถ้าเราแบ่งปันความรู้กับผู้อื่น สังคมจะพัฒนาได้เร็วขึ้น,"If we share knowledge with others, society will develop faster."
ฉันวางแผนจะไปเยี่ยมชมพิพิธภัณฑ์ศิลปะในสุดสัปดาห์นี้,I plan to visit the art museum this weekend.
เธอฝันอยากเป็นนักร้องและกำลังฝึกซ้อมทุกวัน,She dreams of being a singer and is practicing every day.
ฉันชอบปลูกต้นไม้และดอกไม้ในสวน เพราะทำให้บ้านสวยงาม,I like planting trees and flowers in the garden because it beautifies the house.
เมื่อเราทำตามความฝัน เราจะรู้สึกเติมเต็มและมีความสุข,"When we follow our dreams, we feel fulfilled and happy."
เธอชอบอ่านบทกวี เพราะทำให้เธอรู้สึกมีแรงบันดาลใจ,She likes reading poetry because it inspires her.
เขากำลังฝึกฝนการวาดภาพ เพื่อเตรียมตัวเข้าสอบศิลปะ,He is practicing drawing to prepare for art exams.
เธอกำลังเรียนรู้การเต้นรำ เพื่อร่วมการแสดงของโรงเรียน,She is learning to dance to join the school performance.
เขาชอบเล่นกีฬาเอ็กซ์ตรีม เพื่อท้าทายความสามารถของตัวเอง,He likes extreme sports to challenge his abilities.
ฉันสนใจเรื่องปรัชญาและการคิดเชิงลึกเกี่ยวกับชีวิต,I am interested in philosophy and deep thinking about life.
เธอรักการทำงานศิลปะด้วยมือ เพราะมันทำให้เธอรู้สึกสงบ,She loves handcrafting because it makes her feel peaceful.
เขากำลังฝึกเล่นสเก็ตบอร์ดเพื่อแสดงทักษะในการแข่งขัน,He is practicing skateboarding to showcase his skills in a competition.
ถ้าเรามีความเชื่อมั่นในตนเอง เราก็จะสามารถทำสิ่งที่ยิ่งใหญ่ได้,"If we have self-confidence, we can achieve great things."
ฉันวางแผนจะเข้าร่วมเวิร์กช็อปการเขียนบทความเพื่อพัฒนาทักษะ,I plan to join a writing workshop to improve my skills.
คุณชอบอาหารไทยแบบไหนเป็นพิเศษหรือเปล่าคะ,Do you have a particular favorite type of Thai food?
ฉันกำลังเรียนภาษาไทยเพราะฉันคิดว่ามันน่าสนใจมาก,I am studying Thai because I think it is very interesting.
เด็กเด็ก กำลังเล่นฟุตบอลที่สนามหลังโรงเรียน,The children are playing football on the field behind the school.
หากคุณมีเวลาว่างเราน่าจะไปดูหนังด้วยกัน,"If you have free time, we should go watch a movie together."
เขาบอกว่าพรุ่งนี้จะมาสายเพราะต้องพาคุณแม่ไปหาหมอ,He said he will be late tomorrow because he has to take his mother to the doctor.
คุณเคยไปประเทศญี่ปุ่นหรือยัง ฉันได้ยินว่าที่นั่นสวยมาก,Have you been to Japan yet? I heard it is very beautiful there.
ถ้าเรารีบเดินตอนนี้เราก็อาจจะทันรถไฟขบวนสุดท้าย,"If we hurry now, we might catch the last train."
ในช่วงวันหยุดฉันมักจะตื่นสายและทำอาหารเช้าช้าช้า,"During holidays, I usually wake up late and make a leisurely breakfast."
แมวของฉันชอบนอนริมหน้าต่างที่มีแสงแดดส่องถึง,My cat likes to sleep by the window where the sunlight shines.
เขาย้ายมาจากต่างจังหวัดเพราะได้งานใหม่ที่นี่,He moved from upcountry because he got a new job here.
ฉันเพิ่งซื้อหนังสือเล่มใหม่และอยากจะเริ่มอ่านคืนนี้,I just bought a new book and want to start reading it tonight.
เธอเล่นเปียโนได้เก่งมาก ฉันชอบฟังเธอเล่น,She plays piano very well; I love listening to her play.
คุณรู้ไหมว่าร้านอาหารอร่อยอร่อย แถวนี้มีที่ไหนบ้าง,Do you know where there are any good restaurants around here?
เมื่อวานอากาศร้อนมากแต่วันนี้กลับเย็นลงอย่างไม่น่าเชื่อ,"Yesterday was very hot, but today it is unexpectedly cooler."
ฉันคิดถึงบ้านเกิดและครอบครัวที่ไม่ได้พบมานาน,I miss my hometown and family whom I have not seen for a long time.
เราสามารถแก้ปัญหานี้ได้ถ้าเราช่วยกันคิด,We can solve this problem if we think together.
เขาชอบวาดรูปธรรมชาติและสัตว์ต่างต่าง ในเวลาว่าง,He likes to draw nature and various animals in his free time.
ฉันต้องการซื้อของขวัญให้เพื่อนแต่ยังไม่รู้ว่าจะซื้ออะไรดี,I want to buy a gift for a friend but do not know what to get yet.
ตอนนี้คุณพร้อมที่จะออกเดินทางหรือยัง รถกำลังจะมาแล้ว,Are you ready to leave now? The car is coming.
เธอเรียนหนักมากเพื่อเตรียมตัวสำหรับการสอบครั้งนี้,She studies very hard to prepare for this exam.
ถ้าเรามีโอกาสฉันอยากไปเที่ยวต่างประเทศกับคุณ,"If we have a chance, I would like to travel abroad with you."
เขาพูดภาษาอังกฤษได้คล่องเพราะเคยอยู่ต่างประเทศ,He speaks English fluently because he used to live abroad.
ฉันหวังว่าวันหนึ่งจะได้เป็นเจ้าของธุรกิจของตัวเอง,I hope to one day own my own business.
คุณควรพักผ่อนบ้างหลังจากทำงานหนักมาตลอดสัปดาห์,You should rest after working hard all week.
แม้ว่าวันนี้จะยุ่งแต่ฉันก็มีความสุขที่ได้ช่วยเหลือคนอื่น,"Even though today is busy, I am happy to help others."
เธอถามฉันว่ามีใครเห็นกุญแจของเธอบ้างหรือเปล่า,She asked me if anyone has seen her keys.
ผมไม่แน่ใจว่าเราควรทำอย่างไรในสถานการณ์นี้,I am not sure what we should do in this situation.
หากคุณต้องการความช่วยเหลือเพิ่มเติมโปรดแจ้งให้เราทราบ,"If you need further assistance, please let us know."
ฉันชอบเดินเล่นตอนเช้าเพราะอากาศสดชื่นและเงียบสงบ,I like to take walks in the morning because the air is fresh and peaceful.
เขาตัดสินใจลาออกจากงานเพื่อไปตามหาความฝันของตนเอง,He decided to quit his job to pursue his dreams.
ถ้าคุณเห็นข้อความนี้กรุณาติดต่อฉันกลับโดยด่วน,"If you see this message, please contact me immediately."
แม้ว่าฝนจะตกเราก็ยังอยากไปเที่ยวอยู่ดี,"Even though it's raining, we still want to go out."
ฉันคิดว่าเราควรพิจารณาทางเลือกอื่นก่อนตัดสินใจ,I think we should consider other options before deciding.
ฉันได้รับเชิญไปงานแต่งงานแต่ยังไม่ได้ตอบรับ,I was invited to a wedding but have not responded yet.
เธอชอบอ่านหนังสือแนวประวัติศาสตร์และสารคดี,She likes reading historical and documentary books.
ฉันรู้สึกตื่นเต้นที่จะได้เริ่มงานใหม่ในสัปดาห์หน้า,I am excited to start my new job next week.
คุณคิดอย่างไรเกี่ยวกับแผนการครั้งนี้ของเรา,What do you think about our plan this time?
ฉันต้องการเวลาสักครู่เพื่อคิดเกี่ยวกับข้อเสนอของคุณ,I need a moment to think about your proposal.
เขาทำงานอย่างหนักเพื่อให้ได้มาซึ่งความสำเร็จ,He works hard to achieve success.
ฉันรู้สึกประหม่านิดหน่อยก่อนการสัมภาษณ์งาน,I feel a bit nervous before the job interview.
เธอแนะนำให้ฉันลองฟังเพลงใหม่ที่เพิ่งออกมา,She suggested that I listen to a new song that just came out.
ผมคิดว่าอาหารจานนี้อร่อยมาก คุณทำได้อย่างไร,I think this dish is very delicious; how did you make it?
หากคุณไม่ได้รับอีเมลโปรดตรวจสอบในกล่องสแปม,"If you did not receive the email, please check your spam folder."
ฉันอยากไปเยี่ยมชมพิพิธภัณฑ์ที่เปิดใหม่ในเมือง,I want to visit the new museum that just opened in town.
คุณได้ยินข่าวล่าสุดเกี่ยวกับการเปลี่ยนแปลงหรือยัง,Have you heard the latest news about the changes?
ฉันต้องการซื้อเสื้อผ้าใหม่แต่ยังไม่มีเวลาไปซื้อ,I want to buy new clothes but have not had time to shop.
เธอกำลังมองหางานใหม่ที่ท้าทายและน่าสนใจมากขึ้น,She is looking for a new job that is more challenging and interesting.
เราควรเริ่มต้นวางแผนสำหรับงานเลี้ยงวันเกิดของเขา,We should start planning for his birthday party.
ผมไม่แน่ใจว่าเข้าใจสิ่งที่คุณหมายถึงอย่างแท้จริง,I am not sure I fully understand what you mean.
เธอสอบผ่านทุกวิชาและรู้สึกภูมิใจมากกับผลลัพธ์ที่ได้,She passed all her exams and feels very proud of the results.
ฉันชอบดื่มกาแฟยามเช้าพร้อมกับอ่านหนังสือพิมพ์,I like to drink coffee in the morning while reading the newspaper.
ฉันหวังว่าคุณจะมีวันที่ดีและสนุกกับงานของคุณ,I hope you have a great day and enjoy your work.
เธอกำลังเรียนรู้ที่จะเล่นกีตาร์และทำได้ดีมาก,She is learning to play the guitar and is doing very well.
เราควรหาวิธีแก้ปัญหาที่ทุกคนพอใจร่วมกัน,We should find a solution that everyone is satisfied with.
ผมจะส่งรายงานให้คุณหลังจากที่ผมแก้ไขเสร็จแล้ว,I will send you the report after I finish editing it.
ถ้าคุณไม่รีบร้อนเราสามารถเดินเล่นชมเมืองได้,"If you are not in a hurry, we can stroll around the city."
ฉันคิดว่าเราน่าจะลองร้านอาหารใหม่ที่เปิดใกล้ใกล้ นี้,I think we should try the new restaurant that opened nearby.
เขาได้รับรางวัลสำหรับผลงานที่ยอดเยี่ยมของเขา,He received an award for his excellent work.
เธอกำลังพยายามเรียนรู้สิ่งใหม่ใหม่ ทุกวันเพื่อพัฒนาตนเอง,She is trying to learn new things every day to improve herself.
ถ้าคุณพบปัญหาใดใด กรุณาแจ้งให้ทีมงานทราบทันที,"If you encounter any problems, please inform the team immediately."
เธอชอบทำสวนและปลูกดอกไม้หลากหลายชนิด,She likes gardening and planting various kinds of flowers.
เราควรให้ความสำคัญกับสุขภาพทั้งกายและใจ,We should give importance to both physical and mental health.
ถ้าเรามีข้อสงสัยเราสามารถสอบถามผู้เชี่ยวชาญได้,"If we have questions, we can consult an expert."
ฉันรู้สึกประทับใจกับการแสดงของพวกเขามาก,I was very impressed with their performance.
เขาเพิ่งซื้อรถคันใหม่และกำลังวางแผนจะขับไปเที่ยว,He just bought a new car and is planning to go on a drive.
ฉันไม่สามารถตัดสินใจได้ว่าจะเลือกสีไหนดีสำหรับห้องนั่งเล่น,I can not decide which color to choose for the living room.
เธอเชิญเราทุกคนไปงานเลี้ยงที่บ้านของเธอในวันเสาร์นี้,She invited all of us to a party at her house this Saturday.
เธอสนุกกับการเต้นรำและมักจะไปคลาสทุกสัปดาห์,She enjoys dancing and usually attends classes every week.
คุณมีคำแนะนำอะไรบ้างสำหรับผู้ที่เริ่มต้นเรียนภาษาไทย,Do you have any advice for those starting to learn Thai?
เขากำลังคิดเกี่ยวกับการเปลี่ยนอาชีพเพื่อหาความท้าทายใหม่,He is thinking about changing careers to find new challenges.
ฉันรู้สึกขอบคุณมากที่คุณสละเวลามาช่วยเหลือฉัน,I am very grateful that you took the time to help me.
ถ้าคุณต้องการเราสามารถจัดการประชุมทางวิดีโอได้,"If you want, we can arrange a video conference."
ฉันต้องการซื้อตั๋วรถไฟไปเชียงใหม่สองใบสำหรับพรุ่งนี้,I need to buy two train tickets to Chiang Mai for tomorrow.
เธอกำลังวางแผนจัดงานเลี้ยงวันเกิดให้กับเพื่อนสนิท,She is planning a birthday party for her close friend.
เราควรตรวจสอบข้อมูลอีกครั้งเพื่อความแน่ใจก่อนส่งมอบ,We should double-check the information before delivering.
ผมหวังว่าจะได้พบคุณอีกครั้งในโอกาสหน้า,I hope to see you again next time.
เมื่อวานนี้ฉันไปตลาดและซื้อผลไม้สดจำนวนมากเพราะราคาถูกกว่าปกติ,Yesterday I went to the market and bought a lot of fresh fruits because they were cheaper than usual.
แม้ว่าฝนจะตกหนัก แต่เขาก็ยังคงออกไปวิ่งตามปกติทุกเช้า,"Even though it is raining heavily, he still goes out for his regular morning run."
เพื่อนของฉันกำลังเรียนภาษาญี่ปุ่นเพื่อเตรียมตัวไปเที่ยวที่โตเกียว,My friend is studying Japanese to prepare for a trip to Tokyo.
เมื่อไหร่ที่คุณว่าง เราควรนัดพบกันเพื่อหารือเกี่ยวกับโครงการนี้,"Whenever you are free, we should meet to discuss this project."
ถ้าเราไม่รีบออกตอนนี้ เราอาจจะสายสำหรับการประชุมสำคัญ,"If we do not leave now, we might be late for the important meeting."
เธอได้ยินข่าวดีหรือยัง ว่าเราจะได้รับโบนัสพิเศษเดือนนี้,Have you heard the good news that we will receive a special bonus this month?
ฉันต้องไปส่งรถเข้าศูนย์บริการเพราะเครื่องยนต์มีปัญหาเล็กน้อย,I need to take my car to the service center because the engine has a minor issue.
พรุ่งนี้ถ้าอากาศดี เราไปปิกนิกที่ชายหาดกันเถอะ,"If the weather is good tomorrow, let's go for a picnic at the beach."
เขากำลังอ่านหนังสือเล่มใหม่ที่เพิ่งซื้อมาและดูเหมือนว่าจะน่าสนใจมาก,"He is reading a new book he just bought, and it seems very interesting."
แม้ว่างานนี้จะยาก แต่ฉันเชื่อว่าเราจะทำเสร็จได้ทันเวลา,"Although this task is difficult, I believe we can finish it on time."
คุณควรลองร้านอาหารใหม่ที่เปิดตรงมุมถนน อาหารอร่อยมาก,You should try the new restaurant that opened on the corner; the food is very delicious.
เธอสามารถช่วยฉันทำการบ้านได้ไหม เพราะฉันไม่เข้าใจบางส่วน,Can you help me with my homework because I do not understand some parts.
เมื่อถึงฤดูหนาว อากาศจะเย็นสบายและเหมาะสำหรับการเดินทาง,"When winter arrives, the weather becomes cool and suitable for traveling."
เราควรเริ่มประหยัดเงินตั้งแต่ตอนนี้เพื่ออนาคตที่มั่นคง,We should start saving money from now for a stable future.
ฉันกำลังมองหาของขวัญพิเศษสำหรับวันเกิดของแม่ คุณมีคำแนะนำไหม,I am looking for a special gift for my mother's birthday; do you have any suggestions?
หากคุณตั้งใจเรียนและไม่ยอมแพ้ คุณจะประสบความสำเร็จแน่นอน,"If you study hard and do not give up, you will surely succeed."
ฉันเพิ่งทราบข่าวว่าเพื่อนเก่าสมัยมัธยมกำลังจะแต่งงาน,I just heard the news that an old high school friend is getting married.
ถ้าเราวางแผนการเดินทางดีดี เราจะสามารถเที่ยวได้หลายที่ในเวลาอันสั้น,"If we plan the trip well, we can visit many places in a short time."
แมวของฉันชอบนั่งริมหน้าต่างและมองดูนกที่บินผ่านไปมา,My cat likes to sit by the window and watch the birds flying by.
คุณสนใจเข้าร่วมกิจกรรมวิ่งการกุศลที่จะจัดขึ้นในเดือนหน้าหรือไม่,Are you interested in joining the charity run that will be held next month?
ในช่วงวันหยุดยาวนี้ ฉันวางแผนที่จะไปเยี่ยมญาติที่ต่างจังหวัด,"During this long holiday, I plan to visit relatives in the countryside."
เธอพูดภาษาอังกฤษได้คล่องมาก เพราะเคยอาศัยอยู่ต่างประเทศหลายปี,She speaks English very fluently because she lived abroad for many years.
ฉันต้องการซื้อคอมพิวเตอร์เครื่องใหม่ แต่ยังตัดสินใจไม่ได้ว่าจะเลือกยี่ห้อไหน,I want to buy a new computer but have not decided which brand to choose.
หากเราร่วมมือกันทำงานนี้ ฉันเชื่อว่าเราจะทำได้ดีกว่าทำคนเดียว,"If we collaborate on this task, I believe we can do better than working alone."
คุณคิดว่าอย่างไรเกี่ยวกับภาพยนตร์เรื่องใหม่ที่เพิ่งเข้าฉาย,What do you think about the new movie that just premiered?
ถ้าวันนี้คุณยุ่ง เราสามารถเลื่อนการประชุมไปเป็นวันพรุ่งนี้ได้,"If you are busy today, we can postpone the meeting to tomorrow."
เธอไม่เพียงแต่สวยงาม แต่ยังมีความสามารถและฉลาดด้วย,She is not only beautiful but also talented and intelligent.
เราควรดูแลสิ่งแวดล้อมโดยการลดการใช้ถุงพลาสติกและรีไซเคิล,We should care for the environment by reducing plastic bag usage and recycling.
แม้ว่าจะมีอุปสรรคมากมาย แต่เราต้องไม่ยอมแพ้และเดินหน้าต่อไป,"Even though there are many obstacles, we must not give up and keep moving forward."
ฉันกำลังหาที่พักสำหรับทริปที่จะถึง คุณมีโรงแรมแนะนำไหม,I am looking for accommodation for the upcoming trip; do you have any hotel recommendations?
การอ่านหนังสือเป็นวิธีที่ดีในการพัฒนาความรู้และทักษะภาษา,Reading books is a great way to develop knowledge and language skills.
คุณได้ลองอาหารจานนี้หรือยัง มันเป็นสูตรพิเศษของร้านนี้,Have you tried this dish yet? It is the restaurant's special recipe.
ฉันต้องการซื้อของขวัญให้เพื่อน แต่ไม่แน่ใจว่าเขาจะชอบอะไร,"I want to buy a gift for a friend, but I am not sure what he would like."
เธอกำลังฝึกเล่นกีตาร์เพื่อแสดงในงานคอนเสิร์ตของโรงเรียน,She is practicing guitar to perform at the school's concert.
ฉันชอบเดินทางด้วยรถไฟเพราะสะดวกสบายและเห็นวิวสวยสวย ระหว่างทาง,I like traveling by train because it is comfortable and I can see beautiful views along the way.
ถ้าเรามีเวลา เราควรไปเยี่ยมชมพิพิธภัณฑ์แห่งใหม่นี้,"If we have time, we should visit this new museum."
การดื่มน้ำมากมาก ช่วยให้สุขภาพผิวดีและร่างกายแข็งแรง,Drinking plenty of water helps maintain healthy skin and a strong body.
ฉันกำลังเรียนรู้วิธีเขียนโปรแกรมเพื่อพัฒนาทักษะด้านเทคโนโลยี,I am learning how to program to enhance my technology skills.
ฉันตื่นเต้นที่จะได้ไปเที่ยวกับครอบครัวในวันหยุดยาวนี้,I am excited to go on a trip with my family during this long holiday.
คุณอยากฟังเพลงแนวไหน ฉันจะได้เปิดให้เหมาะกับบรรยากาศ,What kind of music would you like to listen to? I will play something that suits the mood.
ฉันคิดว่าการออกไปเดินเล่นในสวนสาธารณะจะช่วยให้ผ่อนคลายได้,I think going for a walk in the park will help us relax.
ฉันชอบดูภาพยนตร์กับเพื่อนเพื่อน ในคืนวันศุกร์หลังเลิกงาน,I like watching movies with friends on Friday nights after work.
คุณสนใจที่จะเรียนรู้การถ่ายภาพไหม ฉันสามารถสอนพื้นฐานให้ได้,Are you interested in learning photography? I can teach you the basics.
แม้ว่าเราจะไม่ชนะการแข่งขัน แต่เราก็ได้ประสบการณ์ที่มีค่า,"Even though we did not win the competition, we gained valuable experience."
ถ้าคุณพร้อมแล้ว เราสามารถเริ่มการประชุมได้ทันที,"If you are ready, we can start the meeting right away."
เธอเป็นคนที่มีน้ำใจและชอบช่วยเหลือผู้อื่นเสมอ,She is a kind person who always likes to help others.
คุณต้องการให้ฉันช่วยอะไรไหม ฉันยินดีที่จะช่วยเต็มที่,Do you need me to help with anything? I am happy to assist fully.
ฉันกำลังมองหาร้านกาแฟที่เงียบสงบเพื่อทำงานและผ่อนคลาย,I am looking for a quiet cafe to work and relax.
ถ้าเราเดินทางด้วยรถยนต์ เราจะถึงจุดหมายเร็วกว่าเดินทางด้วยรถบัส,"If we travel by car, we will reach the destination faster than by bus."
เธอสนใจที่จะเข้าร่วมเวิร์กช็อปการพัฒนาตนเองในสุดสัปดาห์นี้ไหม,Are you interested in attending a self-development workshop this weekend?
คุณสามารถแนะนำหนังสือดีดี ให้ฉันอ่านระหว่างวันหยุดได้ไหม,Can you recommend a good book for me to read during the holidays?
ฉันรู้สึกขอบคุณทุกคนที่ช่วยเหลือฉันในช่วงเวลาที่ยากลำบาก,I am grateful to everyone who helped me during difficult times.
ถ้าคุณสนใจเรียนภาษาเพิ่มเติม ฉันแนะนำภาษาเกาหลีหรือภาษาจีน,"If you are interested in learning another language, I recommend Korean or Chinese."
เธอมีทักษะในการแก้ปัญหาที่ดีและสามารถคิดนอกกรอบได้,She has good problem-solving skills and can think outside the box.
เมื่อเราได้พบกันครั้งแรก ฉันก็รู้ว่าเราจะเป็นเพื่อนที่ดีต่อกัน,"When we first met, I knew we would become good friends."
คุณต้องการดื่มชา กาแฟ หรือเครื่องดื่มอื่นอื่น ไหม,"Would you like tea, coffee, or any other beverage?"
ฉันอยากเรียนรู้การเล่นเปียโน เพราะชอบเสียงเพลงที่ไพเราะ,I want to learn to play the piano because I love the melodious sound.
ฉันกำลังพยายามเสริมสุขภาพด้วยการกินอาหารที่ดีและออกกำลังกาย,I am trying to improve my health by eating well and exercising.
คุณเคยลองเล่นกีฬาทางน้ำเช่นเจ็ตสกีหรือวินด์เซิร์ฟไหม,Have you ever tried water sports like jet skiing or windsurfing?
เมื่อคุณพบปัญหา อย่าลังเลที่จะขอความช่วยเหลือจากทีมงาน,"When you encounter a problem, do not hesitate to ask the team for help."
เราควรศึกษาและปฏิบัติตามกฎจราจรเพื่อความปลอดภัยบนท้องถนน,We should learn and follow traffic rules for safety on the road.
ฉันรู้สึกประทับใจกับผลงานของคุณและอยากทำงานร่วมกันอีก,I am impressed with your work and would like to collaborate again.
คุณมีเคล็ดลับในการจัดการเวลาที่ดีขึ้นไหม ฉันต้องการคำแนะนำ,Do you have tips for better time management? I need some advice.
การเข้าใจวัฒนธรรมที่แตกต่างช่วยให้เราสื่อสารกับคนทั่วโลกได้ดีขึ้น,Understanding different cultures helps us communicate better with people around the world.
เธอได้รับการเลื่อนตำแหน่งเพราะทำงานอย่างขยันขันแข็งและมีประสิทธิภาพ,She was promoted because she works diligently and efficiently.
ฉันต้องการเรียนรู้เพิ่มเติมเกี่ยวกับเทคโนโลยีใหม่ใหม่ ในสายงานของเรา,I want to learn more about new technologies in our field.
คุณชอบฤดูไหนมากที่สุด ฉันชอบฤดูใบไม้ผลิเพราะอากาศสบาย,Which season do you like the most? I like spring because the weather is pleasant.
แม้ว่างบประมาณจะจำกัด แต่เราก็สามารถจัดงานเลี้ยงที่น่าจดจำได้,"Even with a limited budget, we can organize a memorable party."
การตั้งเป้าหมายที่ชัดเจนช่วยให้เรามีแรงบันดาลใจและมุ่งมั่นมากขึ้น,Setting clear goals helps us become more motivated and focused.
เธอแนะนำให้ฉันลองเล่นโยคะเพื่อเพิ่มความยืดหยุ่นของร่างกาย,She recommended that I try yoga to increase body flexibility.
ฉันสนใจที่จะเข้าร่วมการสัมมนาเกี่ยวกับเทคโนโลยีสารสนเทศสัปดาห์หน้า,I am interested in attending the information technology seminar next week.
การมีทัศนคติเชิงบวกช่วยให้เราสามารถเผชิญหน้ากับความท้าทายได้ดีขึ้น,Having a positive attitude helps us face challenges better.
คุณคิดว่าเราควรปรับปรุงกลยุทธ์ทางการตลาดอย่างไรเพื่อเพิ่มยอดขาย,How do you think we should improve our marketing strategy to increase sales?
ฉันรู้สึกยินดีกับความสำเร็จของคุณและหวังว่าจะเห็นคุณไปได้ไกลยิ่งขึ้น,I am happy for your success and hope to see you go even further.
เธอกำลังศึกษาภาษาที่สามเพื่อเปิดโอกาสในการทำงานในอนาคต,She is studying a third language to expand future job opportunities.
ฉันต้องการปรึกษาคุณเกี่ยวกับโครงการใหม่ที่กำลังจะเริ่มต้น,I need to consult with you about a new project that is about to start.
การรักษาสมดุลระหว่างงานและชีวิตส่วนตัวเป็นสิ่งสำคัญ,Maintaining a balance between work and personal life is important.
ฉันอยากเรียนรู้วิธีการทำอาหารเพื่อสุขภาพที่อร่อยและทำง่าย,I want to learn how to cook healthy food that is delicious and easy to make.
การรับฟังความคิดเห็นของผู้อื่นช่วยให้เรามีมุมมองที่กว้างขึ้น,Listening to others' opinions helps us have a broader perspective.
ฉันตื่นเต้นที่จะได้เริ่มต้นการผจญภัยครั้งใหม่ในชีวิตของฉัน,I am excited to embark on a new adventure in my life.
เราควรสนับสนุนสินค้าท้องถิ่นเพื่อช่วยเศรษฐกิจของชุมชน,We should support local products to help the community's economy.
เธอมีความสามารถในการแก้ไขปัญหาที่ซับซ้อนได้อย่างยอดเยี่ยม,She has excellent ability to solve complex problems.
การเปิดใจรับฟังความคิดเห็นที่แตกต่างจะช่วยให้เราเติบโตขึ้น,Being open to different opinions helps us grow.
คุณมีคำแนะนำอย่างไรในการพัฒนาทักษะการสื่อสารของฉัน,What advice do you have for improving my communication skills?
ฉันภูมิใจในตัวเองที่สามารถเอาชนะความกลัวและก้าวข้ามขีดจำกัดได้,I am proud of myself for overcoming fears and pushing boundaries.
ถึงแม้ว่าเขาจะแก่แล้ว แต่เขาก็ยังแข็งแรงและทำงานได้ดีเหมือนเดิม,"Although he is old, he is still strong and works as well as before."
ร้านอาหารแห่งนี้อยู่ใกล้แม่น้ำเจ้าพระยา และมีอาหารอร่อยที่มีชื่อเสียง,This restaurant is located near the Chao Phraya River and is famous for its delicious food.
เมื่อวานนี้ฉันเห็นนกเขาบินวนไปมาในสวน ก่อนที่จะเกาะที่กิ่งไม้,Yesterday I saw a dove circling the garden and forth before perching on a branch.
แม่ได้แต่นั่งมองลูกลูก ที่กำลังวิ่งเล่นอยู่ในสนามหญ้าด้วยความเอ็นดู,The mother sat watching her children playing in the lawn with love.
เด็กเด็ก ชอบเล่นแถวแถว แม่น้ำในช่วงเย็น ทำให้ผู้ปกครองต้องคอยดูแลอย่างใกล้ชิด,"Children like to play around the river in the evening, so parents must watch them closely."
แดดร้อนจัดในช่วงกลางวัน แต่พอตกเย็นอากาศก็เย็นสบายขึ้น,"The sun is very hot during the day, but the weather becomes pleasantly cool, when the evening falls."
เธอเป็นคนที่ชอบช่วยเหลือผู้อื่น แม้ว่าตัวเองจะไม่ได้มีฐานะร่ำรวยก็ตาม,She likes to help others even though she is not wealthy.
น้องสาวของฉันชอบเล่นเปียโนในช่วงเย็น และเสียงเพลงที่เธอเล่นช่างไพเราะเสนาะหู,"My sister likes to play piano in the evening, and the music she plays is very melodious."
แม่ค้าที่ตลาดขายผักสดทุกเช้า และมักจะแถมผักให้ลูกค้าประจำเสมอ,The vendor at the market sells fresh vegetables every morning and always gives extra vegetables to regular customers.
พ่อเคยสอนว่าเราต้องรู้จักแบ่งปันให้ผู้อื่น แม้ว่าเราจะมีไม่มากก็ตาม,Father taught that we must learn to share with others even if we do not have much.
เด็กเด็ก ชอบวิ่งเล่นแถวสนามเด็กเล่น และเสียงหัวเราะของพวกเขาทำให้ผู้ใหญ่อมยิ้มตาม,"Children like to run around the playground, and their laughter makes adults smile along."
คุณยายชอบนั่งเล่าเรื่องสมัยก่อนให้หลานหลาน ฟัง และทุกคนก็ชอบฟังเรื่องเล่าของท่าน,"Grandmother likes to sit and tell stories from the past to her grandchildren, and everyone enjoys listening to her tales."
น้องชายของฉันชอบเล่นแถวแถว สวนสาธารณะ และมักจะกลับบ้านมาพร้อมกับเรื่องราวสนุกสนุก เสมอ,My little brother likes to play around the park and always comes home with fun stories.
ทุกเช้าฉันมักจะเห็นผู้สูงอายุมาออกกำลังกายที่สวนสาธารณะ และพวกเขาดูมีความสุขมาก,"Every morning I see elderly people exercising in the park, and they look very happy."
แม่ค้าขายข้าวแกงที่ตลาดเช้า และอาหารของเธอก็อร่อยจนลูกค้าต่อแถวยาวทุกวัน,"The vendor sells rice and curry at the morning market, and her food is so delicious that customers queue up long every day."
คุณครูสอนว่าเราต้องรู้จักแบ่งปันและช่วยเหลือเพื่อนเพื่อน ในห้องเรียน,The teacher teaches that we must learn to share and help our friends in the classroom.
แม้ว่าอากาศจะร้อน แต่เด็กเด็ก ก็ยังชอบวิ่งเล่นในสนามกีฬาช่วงพักกลางวัน,"Even though it is hot, children still like to run and play in the sports field during lunch break."
พี่ชายของฉันชอบเล่นดนตรีในห้องนอน และเสียงเพลงของเขาทำให้บ้านมีชีวิตชีวา,"My older brother likes to play music in his bedroom, and his music makes the house lively."
คุณป้าที่ขายขนมไทยมักจะยิ้มแย้มแจ่มใส และชอบแถมขนมให้เด็กเด็ก เสมอ,The aunt who sells Thai desserts always smiles brightly and likes to give extra desserts to children.
เด็กเด็ก ในละแวกบ้านชอบมารวมตัวกันเล่นที่สนามเด็กเล่นทุกเย็น,Children in the neighborhood like to gather and play at the playground every evening.
คุณแม่ชอบทำอาหารให้ครอบครัวทุกมื้อ และอาหารของท่านก็อร่อยทุกจาน,"Mother likes to cook for the family every meal, and all her dishes are delicious."
พ่อมักจะพาเราไปเที่ยวชายทะเลในวันหยุด และสอนให้เรารู้จักระมัดระวังเรื่องความปลอดภัย,Father often takes us to the beach on holidays and teaches us to be careful about safety.
น้องสาวชอบวาดรูปในสมุดวาดเขียน และภาพที่เธอวาดก็สวยงามมาก,"My little sister likes to draw in her sketchbook, and her drawings are very beautiful."
แม่ค้าที่ร้านผลไม้มักจะคัดผลไม้อย่างดี และขายในราคาที่เป็นธรรม,The fruit vendor carefully selects fruits and sells them at fair prices.
พี่สาวมักจะช่วยแม่ทำความสะอาดบ้านในวันหยุด และสอนให้น้องน้อง ช่วยด้วย,My older sister often helps my mother clean the house on holidays and teaches the younger siblings to help too.
พ่อมักจะพาเราไปเดินเล่นในสวนสาธารณะตอนเย็น และเล่าเรื่องราวสนุกสนุก ให้ฟัง,Father often takes us for walks in the park in the evening and tells us fun stories.
เพื่อนบ้านของเราชอบจัดงานเลี้ยงในวันหยุด และเชิญทุกคนในละแวกบ้านมาร่วมงาน,Our neighbors like to host parties on holidays and invite everyone in the neighborhood.
คุณครูประจำชั้นใจดีมาก และมักจะให้กำลังใจนักเรียนที่ตั้งใจเรียน,The class teacher is very kind and often encourages students who try hard to study.
แม่ค้าที่ร้านขายของชำมักจะจดจำลูกค้าประจำได้ และชอบพูดคุยอย่างเป็นกันเอง,The shopkeeper at the grocery store usually remembers regular customers and likes to chat casually.
พี่ชายชอบเล่นกีฬาในตอนเย็น และชวนน้องน้อง ไปเล่นด้วยกันเสมอ,My older brother likes to play sports in the evening and always invites younger siblings to play together.
คุณแม่ชอบปลูกต้นไม้ริมรั้ว และคอยดูแลรดน้ำพรวนดินอย่างสม่ำเสมอ,Mother likes to plant trees along the fence and regularly waters and cultivates the soil.
พ่อมักจะสอนให้เรารู้จักประหยัด และเก็บออมเงินไว้ใช้ยามจำเป็น,Father often teaches us to be economical and save money for necessary times.
น้องสาวชอบช่วยแม่ล้างจานหลังอาหารเย็น และมักจะร้องเพลงไปด้วยอย่างมีความสุข,"Little sister likes to help mother wash dishes after dinner, and often sings happily while doing it."
พี่สาวชอบอ่านหนังสือใต้ต้นไม้ใหญ่ในสวน และบางครั้งก็อ่านให้น้องน้อง ฟัง,"Big sister likes to read books under the big tree in the garden, and sometimes reads to younger siblings."
แม่มักจะสอนให้เรารู้จักมารยาทในการรับประทานอาหาร และการวางตัวในที่สาธารณะ,Mother often teaches us table manners and how to behave in public.
คุณลุงที่ร้านขายของเก่าใจดีมาก และชอบเล่าเรื่องราวของสิ่งของแต่ละชิ้น,The uncle at the antique shop is very kind and likes to tell stories about each item.
น้องชายชอบวาดรูปการ์ตูนในสมุด และมักจะให้เพื่อนเพื่อน ยืมไปดู,Little brother likes to draw cartoons in his notebook and often lets his friends borrow it to look at.
พี่สาวมักจะช่วยสอนการบ้านน้องน้อง และอธิบายอย่างใจเย็นเมื่อน้องไม่เข้าใจ,Big sister often helps younger siblings with homework and explains patiently when they do not understand.
คุณยายชอบนั่งสวดมนต์ในตอนเช้า และสอนให้หลานหลาน รู้จักทำความดี,Grandmother likes to chant prayers in the morning and teaches grandchildren to do good deeds.
พ่อมักจะสอนให้เรารู้จักรับผิดชอบต่อหน้าที่ และทำการบ้านให้เสร็จก่อนไปเล่น,Father often teaches us to be responsible for our duties and finish homework before playing.
น้องสาวชอบช่วยแม่รดน้ำต้นไม้ในตอนเย็น และคอยกวาดใบไม้ที่ร่วงหล่น,"Little sister likes to help mother water the plants in the evening, and sweeps up fallen leaves."
คุณครูศิลปะสอนให้เราใช้จินตนาการในการวาดภาพ และชื่นชมผลงานของทุกคน,The art teacher teaches us to use imagination in drawing and appreciates everyone's work.
แม่ค้าที่ร้านขายของชำมักจะจัดของให้เป็นระเบียบ และติดป้ายราคาชัดเจน,The shopkeeper at the grocery store usually organizes items neatly and displays clear price tags.
คุณตาชอบดูแลสวนผักหลังบ้าน และมักจะชวนหลานหลาน มาช่วยงาน,Grandfather likes to take care of the vegetable garden behind the house and often invites grandchildren to help.
เพื่อนบ้านของเราชอบทำขนมไทยโบราณ และสอนลูกหลานให้สืบทอดวิธีการทำ,Our neighbors like to make traditional Thai desserts and teach their children and grandchildren to preserve the methods.
แม่มักจะสอนให้เรารู้จักแบ่งปันของเล่นกับเพื่อน และเล่นด้วยกันอย่างสามัคคี,Mother often teaches us to share toys with friends and play together harmoniously.
คุณลุงที่ร้านซ่อมรถจักรยานใจดีมาก และมักจะคิดค่าซ่อมในราคาที่สมเหตุสมผล,The uncle at the bicycle repair shop is very kind and usually charges reasonable prices for repairs.
พ่อชอบพาครอบครัวไปเดินเล่นในสวนสาธารณะ และสอนให้เรารู้จักต้นไม้ชนิดต่างต่าง,Father likes to take the family for walks in the park and teaches us about different types of trees.
น้องชายชอบเล่นฟุตบอลกับเพื่อนเพื่อน ในสนามหญ้า และฝึกซ้อมอย่างสม่ำเสมอ,Little brother likes to play football with friends on the lawn and practices regularly.
คุณครูคณิตศาสตร์สอนให้เราคิดอย่างมีเหตุผล และแก้โจทย์ปัญหาอย่างเป็นขั้นตอน,The mathematics teacher teaches us to think logically and solve problems step by step.
แม่ค้าที่ขายอาหารตามสั่งมักจะปรุงอาหารสดใหม่ และใส่ใจในรสชาติ,The food vendor who sells made-to-order dishes usually cooks fresh food and pays attention to taste.
คุณยายชอบสอนหลานหลาน ทำอาหารไทยโบราณ และเล่าเรื่องราวสมัยก่อน,Grandmother likes to teach grandchildren how to cook traditional Thai food and tells stories from the past.
แม่มักจะสอนให้เรารู้จักประหยัดน้ำประหยัดไฟ เพื่อรักษาสิ่งแวดล้อม,Mother often teaches us to save water and electricity to protect the environment.
คุณป้าที่ขายผลไม้มักจะแนะนำผลไม้ตามฤดูกาล และบอกวิธีการเลือกผลไม้ที่สุก,The aunt who sells fruits usually recommends seasonal fruits and tells how to choose ripe ones.
พ่อชอบอ่านหนังสือพิมพ์ในตอนเช้า และเล่าข่าวสารให้ครอบครัวฟัง,Father likes to read newspapers in the morning and tells the news to the family.
น้องสาวชอบช่วยแม่ทำอาหาร และเรียนรู้วิธีการทำอาหารไทย,Little sister likes to help mother cook and learns how to make Thai food.
คุณครูวิทยาศาสตร์สอนให้เรารู้จักสังเกตธรรมชาติ และทำการทดลองอย่างปลอดภัย,The science teacher teaches us to observe nature and conduct experiments safely.
พี่ชายชอบเล่นดนตรีในสวนหลังบ้าน และเพื่อนบ้านก็ชื่นชอบเสียงเพลง,"Big brother likes to play music in the backyard garden, and the neighbors enjoy the music."
คุณตาชอบเลี้ยงปลาสวยงามในบ่อ และคอยดูแลความสะอาดของน้ำอย่างสม่ำเสมอ,Grandfather likes to keep beautiful fish in the pond and regularly maintains water cleanliness.
แม่มักจะสอนให้เรารู้จักมูลค่าของเงิน และวิธีการใช้จ่ายอย่างรู้คุณค่า,Mother often teaches us the value of money and how to spend wisely.
คุณลุงที่แผงขายอาหารตามสั่งใจดีมาก และมักจะเพิ่มผักให้ลูกค้าเสมอ,The uncle at the made-to-order food stall is very kind and always adds extra vegetables for customers.
พ่อชอบพาครอบครัวไปท่องเที่ยวต่างจังหวัด และสอนให้เรารู้จักวัฒนธรรมท้องถิ่น,Father likes to take the family on upcountry trips and teaches us about local cultures.
น้องชายชอบช่วยพ่อล้างรถในวันหยุด และทำด้วยความตั้งใจ,Little brother likes to help father wash the car on holidays and does it attentively.
แม่ค้าที่ขายผักในตลาดมักจะคัดผักสดใหม่ และจัดเรียงอย่างสวยงาม,The vegetable vendor at the market usually selects fresh vegetables and arranges them beautifully.
พี่สาวชอบอ่านนิทานให้น้องฟังก่อนนอน และแสดงท่าทางประกอบเรื่องราว,Big sister likes to read bedtime stories to younger siblings and acts out the stories.
เพื่อนบ้านของเราชอบจัดสวนหย่อม และปลูกไม้ดอกไม้ประดับหลากหลายชนิด,Our neighbors like to arrange garden landscapes and grow various ornamental plants.
แม่มักจะสอนให้เรารู้จักกตัญญูต่อผู้มีพระคุณ และช่วยเหลือผู้อื่นตามกำลัง,Mother often teaches us to be grateful to benefactors and help others within our ability.
คุณป้าที่ขายก๋วยเตี๋ยวมักจะปรุงรสชาติอร่อย และใส่ผักสดเยอะเยอะ,The aunt who sells noodles usually seasons them deliciously and adds lots of fresh vegetables.
พ่อชอบสอนให้เรารู้จักซ่อมแซมของใช้ในบ้าน และดูแลรักษาอุปกรณ์ต่างต่าง อย่างดี,Father likes to teach us how to repair household items and maintain equipment well.
น้องสาวชอบช่วยแม่จัดโต๊ะอาหาร และทำด้วยความประณีตทุกครั้ง,Little sister likes to help mother set the dining table and does it meticulously every time.
คุณครูภาษาอังกฤษสอนให้เราฝึกพูดทุกวัน และจัดกิจกรรมที่สนุกสนาน,The English teacher has us practice speaking every day and organizes fun activities.
คุณตาชอบเล่าประวัติศาสตร์ท้องถิ่น และพาหลานหลาน ไปเที่ยวสถานที่สำคัญ,Grandfather likes to tell local history and takes grandchildren to visit important places.
เพื่อนบ้านของเราชอบทำอาหารพื้นบ้าน และมักจะเชิญเราไปรับประทานด้วยกัน,Our neighbors like to cook local food and often invite us to eat together.
คุณลุงที่ร้านซ่อมรถใจดีมาก และสอนวิธีดูแลรักษารถให้ลูกค้าเสมอ,The uncle at the car repair shop is very kind and always teaches customers how to maintain their cars.
พ่อชอบพาครอบครัวไปเที่ยวตลาดน้ำในวันหยุด และเล่าประวัติความเป็นมาให้ฟัง,Father likes to take the family to floating markets on holidays and tells us about their history.
คุณครูวิทยาศาสตร์สอนให้เรารักษาสิ่งแวดล้อม และทำโครงงานเกี่ยวกับการรีไซเคิล,The science teacher teaches us to protect the environment and do projects about recycling.
พี่สาวชอบทำขนมในวันหยุด และทดลองทำสูตรใหม่ใหม่ อยู่เสมอ,Big sister likes to make desserts on holidays and always tries new recipes.
คุณยายชอบสอนหลานหลาน ทำอาหารไทย และเล่าเรื่องราวความเป็นมาของอาหารแต่ละชนิด,Grandmother likes to teach grandchildren how to cook Thai food and tells the history of each dish.
เพื่อนบ้านของเราชอบปลูกไม้ดอกหอม และแบ่งปันดอกไม้ให้เพื่อนบ้านเสมอ,Our neighbors like to grow fragrant flowers and always share flowers with neighbors.
คุณป้าที่ขายขนมไทยทำขนมอร่อยมาก และรักษาสูตรโบราณไว้อย่างดี,The aunt who sells Thai desserts makes very delicious snacks and preserves traditional recipes well.
พ่อชอบพาเราไปเที่ยวชมพิพิธภัณฑ์ และอธิบายประวัติศาสตร์ให้ฟัง,Father likes to take us to museums and explains history to us.
น้องสาวชอบช่วยแม่จัดดอกไม้ และเรียนรู้การจัดดอกไม้แบบไทย,Little sister likes to help mother arrange flowers and learns Thai flower arrangement.
คุณครูดนตรีสอนให้เราเล่นเครื่องดนตรีไทย และเข้าใจคุณค่าของดนตรีไทย,The music teacher teaches us to play Thai instruments and understand the value of Thai music.
คุณตาชอบทำเครื่องจักสานไทย และสอนวิธีการสานให้ลูกหลาน,Grandfather likes to make Thai wickerwork and teaches weaving methods to children and grandchildren.
เพื่อนบ้านของเราชอบทำน้ำสมุนไพร และแบ่งปันให้เพื่อนบ้านดื่ม,Our neighbors like to make herbal drinks and share them with neighbors.
แม่มักจะสอนให้เรารู้จักใช้สมุนไพรไทย และวิธีการดูแลสุขภาพแบบธรรมชาติ,Mother often teaches us about Thai herbs and natural health care methods.
คุณลุงที่สวนผลไม้ใจดีมาก และสอนวิธีการดูแลต้นไม้ให้ออกผลดก,The uncle at the fruit garden is very kind and teaches how to care for trees to yield abundant fruit.
พ่อชอบพาครอบครัวไปทำบุญที่วัดในวันพระ และสอนให้เรารู้จักประเพณีไทย,Father likes to take the family to make merit at temples on Buddhist holy days and teaches us about Thai traditions.
น้องชายชอบช่วยพ่อทำสวน และเรียนรู้การเพาะปลูกแบบธรรมชาติ,Little brother likes to help father garden and learns natural farming methods.
พี่สาวชอบร้องเพลงไทยเดิม และฝึกซ้อมอย่างสม่ำเสมอ,Big sister likes to sing traditional Thai songs and practices regularly.
คุณยายชอบทอผ้าไทย และสอนลวดลายโบราณให้ลูกหลาน,Grandmother likes to weave Thai fabric and teaches traditional patterns to children and grandchildren.
เพื่อนบ้านของเราชอบปลูกผักสวนครัว และทำปุ๋ยหมักใช้เอง,Our neighbors like to grow kitchen vegetables and make their compost.
คุณป้าที่ร้านขายยาสมุนไพรใจดีมาก และให้คำแนะนำเรื่องการใช้สมุนไพร,The aunt at the herbal medicine shop is very kind and advises about using herbs.
เมื่อคุณเดินทางไปต่างประเทศ คุณควรเตรียมพาสปอร์ตให้พร้อม,"When traveling abroad, you should have your passport ready."
ถ้าคุณต้องการความช่วยเหลือในการทำอาหาร ฉันยินดีจะสอนคุณ,"If you need help with cooking, I would be happy to teach you."
เธอชอบดูหนังแนวแอคชั่น แต่ฉันชอบดูหนังตลกมากกว่า,"She likes action movies, but I prefer watching comedies."
ขณะที่เราเดินซื้อของในห้าง เราได้พบเพื่อนเก่าโดยบังเอิญ,"While shopping at the mall, we accidentally ran into an old friend."
เมื่อวานนี้ฉันไปหาหมอฟัน เพราะปวดฟันมาหลายวันแล้ว,Yesterday I went to see the dentist because my tooth had been hurting for several days.
พี่สาวของฉันชอบทำอาหารไทย โดยเฉพาะต้มยำกุ้งและผัดไทย,"My older sister loves cooking Thai food, especially Tom Yum Kung and Pad Thai."
เพื่อนของฉันชอบเล่นดนตรี โดยเฉพาะกีตาร์และเปียโน,"My friend loves playing music, particularly guitar and piano."
ขณะที่เธอกำลังอ่านหนังสือ น้องชายก็วิ่งเข้ามาในห้อง,"While she was reading a book, her younger brother ran into the room."
พ่อของฉันชอบดูข่าว แต่แม่ชอบดูละครมากกว่า,"My father likes watching news, but my mother prefers watching dramas."
ถ้าคุณต้องการความช่วยเหลือ คุณสามารถโทรหาฉันได้ตลอดเวลา,"If you need help, you can call me anytime."
แม้ว่าอาหารจะแพง แต่คุณภาพก็คุ้มค่ากับราคา,"Although the food is expensive, the quality is worth the price."
เมื่อเช้านี้รถติดมาก เพราะมีอุบัติเหตุบนถนน,This morning traffic was heavy because there was an accident on the road.
หลังจากทำงานเสร็จ ฉันจะไปออกกำลังกายที่สวนสาธารณะ,"After finishing work, I will go exercise at the park."
เพื่อนของฉันชอบถ่ายรูป โดยเฉพาะภาพธรรมชาติและสัตว์,"My friend loves taking photos, especially of nature and animals."
ขณะที่เราทานอาหารกลางวัน เพื่อนร่วมงานก็เล่าเรื่องตลก,"While we were having lunch, our colleague told funny stories."
แม้ว่าวันนี้จะเป็นวันหยุด แต่ฉันต้องทำงานที่บ้าน,"Even though today is a holiday, I have to work from home."
เมื่อฉันกลับถึงบ้าน น้องสาวกำลังทำการบ้านอยู่,"When I got home, my younger sister was doing homework."
หลังจากดูหนัง เราไปทานไอศกรีมด้วยกัน,"After watching the movie, we went to eat ice cream together."
พี่ชายของฉันชอบเล่นกีฬา โดยเฉพาะฟุตบอลและบาสเกตบอล,"My older brother loves playing sports, especially football and basketball."
ขณะที่ฝนตก เด็กเด็กก็วิ่งเล่นในบ้าน,"While it was raining, the children romped inside the house."
แม้ว่าจะเป็นวันจันทร์ แต่การจราจรก็ไม่ติดขัด,"Although it is Monday, the traffic is not congested."
เมื่อเราไปถึงร้านอาหาร คนก็เยอะมาก,"When we arrived at the restaurant, it was very crowded."
หลังจากเลิกงาน ฉันไปซื้อของที่ซูเปอร์มาร์เก็ต,"After work, I went shopping at the supermarket."
ถึงแม้ว่าจะอยู่ไกล แต่เราก็ติดต่อกันได้ทางโทรศัพท์,"Even though we are far apart, we can stay in touch by phone."
เพื่อนของฉันชอบทำขนม โดยเฉพาะเค้กและคุกกี้,"My friend loves baking, especially cakes and cookies."
ขณะที่เธอทำอาหาร ลูกชายก็ช่วยล้างผัก,"While she was cooking, her son helped wash the vegetables."
แม้ว่าจะเป็นฤดูร้อน แต่อากาศก็เย็นสบาย,"Although it is summer, the weather is pleasantly cool."
หลังจากเรียนจบ ฉันอยากทำงานที่ต่างประเทศ,"After graduating, I want to work abroad."
พี่สาวของฉันชอบอ่านหนังสือ โดยเฉพาะนิยายและการ์ตูน,"My older sister loves reading, especially novels and comics."
ขณะที่เราคุยกัน เวลาก็ผ่านไปเร็วมาก,"While we were talking, time passed very quickly."
เมื่อถึงวันหยุด ฉันชอบนอนตื่นสาย,"When it is a holiday, I like to sleep in."
ถึงแม้ว่าจะไม่ชอบผัก แต่ฉันก็พยายามทานเพื่อสุขภาพ,"Although I do not like vegetables, I try to eat them for health."
เพื่อนของฉันชอบเที่ยวกลางคืน แต่ฉันชอบอยู่บ้านมากกว่า,"My friend loves going out at night, but I prefer staying home."
ขณะที่ฉันทำงาน แมวก็นอนอยู่ข้างข้าง,"While I work, my cat sleeps beside me."
แม้ว่าจะอายุมาก แต่คุณยายก็ยังแข็งแรง,"Although she is elderly, the grandmother is still strong."
ถ้าฝนไม่ตก เราจะไปเที่ยวทะเลกัน,"If it does not rain, we will go to the beach."
หลังจากดูซีรี่ส์จบ ฉันรู้สึกใจหาย,"After finishing the series, I felt empty inside."
พี่ชายของฉันชอบเล่นเกม โดยเฉพาะเกมแนวผจญภัย,"My older brother loves playing games, especially adventure games."
ขณะที่เราเดินเล่น ลมก็พัดเย็นสบาย,"While we were walking, the breeze was pleasantly cool."
แม้ว่าจะเป็นร้านเล็กเล็ก แต่อาหารก็อร่อยมาก,"Although it is a small restaurant, the food is very delicious."
เมื่อถึงเวลาพัก ฉันชอบฟังเพลง,"When it is break time, I like listening to music."
หลังจากอ่านหนังสือจบ ฉันรู้สึกประทับใจมาก,"After finishing the book, I was very impressed."
เพื่อนของฉันชอบทำอาหาร โดยเฉพาะอาหารอิตาเลียน,"My friend loves cooking, especially Italian food."
ตอนที่เธอร้องเพลงจบ ทุกคนก็ปรบมือ,"When she finished singing, Everyone applauded."
แม้ว่าจะอยู่ต่างประเทศ แต่ฉันก็คิดถึงบ้านเสมอ,"Although I am abroad, I always miss home."
หลังจากทานข้าวเสร็จ อย่าลืมล้างจาน,"After finishing your meal, do not forget to wash the dishes."
ถึงแม้ว่าจะเหนื่อย แต่ฉันก็ยังอยากเรียนต่อ,"Although I am tired, I still want to continue studying."
พี่สาวของฉันชอบวาดรูป โดยเฉพาะภาพเหมือน,"My older sister loves drawing, especially portraits."
ขณะที่เราดูทีวี ไฟก็ดับ,"While we were watching TV, the power went out."
เพื่อนของฉันชอบถ่ายรูปดอกไม้ในสวนสาธารณะ,My friend loves taking photos of flowers in the park.
ขณะที่ฉันทำงาน เพื่อนร่วมงานก็ชวนไปทานข้าว,"While I was working, my colleague invited me to lunch."
เมื่อฉันทำอาหารเสร็จ ครอบครัวก็มารวมตัวกันที่โต๊ะ,"When I finished cooking, the family gathered at the table."
หลังจากดูคอนเสิร์ต ฉันรู้สึกมีความสุขมาก,"After watching the concert, I felt very happy."
ถึงแม้ว่าจะอ่อนเพลีย แต่ฉันก็ต้องทำงานให้เสร็จ,"Despite being tired, I have to finish my work."
พี่สาวของฉันชอบเต้น โดยเฉพาะเต้นบัลเลต์,"My older sister loves dancing, especially ballet."
ขณะที่เราเดินในสวน นกก็บินมาเกาะต้นไม้,"While we walked in the garden, birds flew to perch on trees."
แม้ว่าจะเป็นหน้าหนาว แต่อากาศก็ไม่หนาวมาก,"Although it is winter, it is not very cold."
ถ้าคุณชอบดนตรี คุณควรลองเล่นเครื่องดนตรี,"If you like music, you should try playing an instrument."
เมื่อถึงเวลานอน เด็กเด็กก็เข้านอนตรงเวลา,"When bedtime comes, the children go to bed on time."
หลังจากทำความสะอาดบ้าน ฉันรู้สึกเหนื่อยมาก,"After cleaning the house, I felt very tired."
ถึงแม้ว่าจะไม่ถนัด แต่ฉันก็อยากลองทำอาหาร,"Even though I am not skilled at it, I want to try cooking."
เพื่อนของฉันชอบปลูกต้นไม้ โดยเฉพาะดอกกุหลาบ,"My friend loves growing plants, especially roses."
ขณะที่เราคุยโทรศัพท์ แบตเตอรี่ก็หมด,"While we were talking on the phone, the battery died."
แม้ว่าจะไม่ชอบการบ้าน แต่ฉันก็ต้องทำให้เสร็จ,"Although I do not like homework, I have to finish it."
ถ้าคุณมีปัญหา คุณสามารถปรึกษาฉันได้,"If you have problems, you can consult with me."
เมื่อฉันได้รับข่าวดี ฉันรีบโทรบอกครอบครัว,"When I received good news, I quickly called my family."
หลังจากดูภาพยนตร์จบ เราก็คุยกันถึงตอนจบ,"After finishing the movie, we discussed the ending."
พี่ชายของฉันชอบทำงานศิลปะ โดยเฉพาะงานปั้น,"My older brother loves doing art, especially sculpture."
แม้ว่าจะเป็นมือใหม่ แต่เธอก็ทำได้ดีมาก,"Although she is a beginner, she is doing very well."
เมื่อถึงวันเกิด ฉันชอบทำอาหารให้ครอบครัว,"When it is my birthday, I like cooking for my family."
หลังจากเลิกเรียน ฉันไปซ้อมดนตรีกับเพื่อน,"After school, I practice music with friends."
ถึงแม้ว่าจะไม่ชำนาญ แต่ฉันก็พยายามช่วย,"Even though I am not experienced, I try to help."
เพื่อนของฉันชอบร้องเพลง โดยเฉพาะเพลงป็อป,"My friend loves singing, especially pop songs."
แม้ว่าจะเป็นวันธรรมดา แต่ร้านอาหารก็เต็ม,"Although it is a weekday, the restaurant is full."
เมื่อฉันเห็นรูปเก่า ฉันคิดถึงความหลัง,"When I see old photos, I think of the past."
หลังจากวิ่งเสร็จ ฉันดื่มน้ำเยอะมาก,"After running, I drink a lot of water."
ถึงแม้ว่าจะไม่ค่อยว่าง แต่ฉันก็พยายามออกกำลังกาย,"Although I am not very free, I try to exercise."
พี่สาวของฉันชอบแต่งหน้า โดยเฉพาะการทาลิปสติก,"My older sister loves doing makeup, especially applying lipstick."
ขณะที่เราเดินทาง เราได้เห็นวิวสวยสวย,"While we traveled, we saw beautiful views."
แม้ว่าจะเป็นงานยาก แต่ฉันก็สนุกกับมัน,"Although it is difficult work, I enjoy it."
ถ้าคุณตั้งใจ คุณจะทำได้แน่นอน,"If you are determined, you will surely succeed."
หลังจากเรียนพิเศษ ฉันจะทำการบ้านให้เสร็จ,"After tutoring, I will finish my homework."
เพื่อนของฉันชอบเล่นกีฬา โดยเฉพาะว่ายน้ำ,"My friend loves playing sports, especially swimming."
ถ้าคุณมีเวลาว่างช่วงบ่าย เราไปดื่มกาแฟที่ร้านใหม่กันเถอะ,"If you have free time this afternoon, let's go have coffee at the new shop."
เมื่อวานนี้ฉันเห็นหนังสือที่คุณชอบลดราคาที่ร้านหนังสือ,Yesterday I saw the book you like on sale at the bookstore.
เราไม่ได้เจอกันนานเลย คุณสบายดีไหมครับ?,We have not seen each other for a long time. How have you been?
หลังจากที่ฝนหยุดตก เราควรออกไปซื้อของที่ตลาดไหม?,"After the rain stops, should we go shopping at the market?"
ฉันกำลังคิดว่าจะเรียนภาษาต่างประเทศเพิ่มเติม คุณมีคำแนะนำไหม?,I am thinking of learning another foreign language. Do you have any suggestions?
คืนนี้มีดาวตก เราน่าจะออกไปดูด้วยกันนะ,There are shooting stars tonight. We should go out and watch them together.
พรุ่งนี้ฉันว่าง คุณอยากไปเที่ยวพิพิธภัณฑ์ด้วยกันไหม?,I am free tomorrow. Would you like to visit the museum together?
อาหารที่ร้านนี้อร่อยมาก แต่ราคาแพงนิดหน่อย คุณโอเคไหม?,The food at this restaurant is very good but a bit pricey. Are you okay with that?
ฉันคิดว่าภาพยนตร์เรื่องนี้น่าสนใจ แต่บางคนอาจจะไม่ชอบ,"I think this movie is interesting, but some people might not like it."
ถ้าเราตื่นเช้า เราจะไปถึงสถานีรถไฟตรงเวลาแน่นอน,"If we wake up early, we will arrive at the train station on time."
ฉันลืมนำร่มมา ฝนก็ตกหนัก เราจะทำอย่างไรดี?,"I forgot to bring an umbrella, and it is raining heavily. What should we do?"
คุณอาจจะไม่เชื่อ แต่ฉันพบกระเป๋าที่หายไปแล้ว!,"You might not believe it, but I found the lost bag!"
ถ้าเราไม่รีบออกตอนนี้ เราอาจจะพลาดการแสดงที่เริ่มตอนสองโมง,"If we do not leave now, we might miss the show that starts at two PM."
หลังจากที่เราเสร็จงานนี้ เราควรฉลองด้วยอาหารเย็นดีดี สักมื้อ,"After we finish this job, we should celebrate with a good dinner."
คุณเคยลองเล่นกีฬาทางน้ำบ้างไหม มันสนุกมากเลยนะ,Have you ever tried water sports? It is really fun.
ถ้าฝนไม่ตก เราจะไปปีนเขากันในวันหยุดสุดสัปดาห์นี้,"If it does not rain, we will go hiking this weekend."
ฉันเพิ่งได้รับข่าวดีว่าได้เลื่อนตำแหน่งในที่ทำงาน,I just received the good news that I got a promotion at work.
คุณคิดอย่างไรเกี่ยวกับการเปลี่ยนแปลงสภาพภูมิอากาศที่เกิดขึ้น?,What do you think about the climate changes that are happening?
ถึงแม้ว่าอาหารร้านนี้จะเผ็ด แต่ก็อร่อยมากนะ คุณต้องลอง,"Even though the food at this restaurant is spicy, it is very delicious. You have to try it."
เราควรจองตั๋วภาพยนตร์ออนไลน์เพื่อหลีกเลี่ยงคิวที่ยาว,We should book movie tickets online to avoid the long queues.
อย่าลืมนำเสื้อกันหนาวมาด้วย เพราะอากาศเย็นขึ้นแล้ว,Do not forget to bring a sweater because it is getting colder.
เมื่อถึงเวลาที่เหมาะสม ฉันจะบอกคุณเกี่ยวกับแผนของฉัน,"When the time is right, I will tell you about my plans."
ถ้าเราลองพยายามอีกครั้ง ฉันเชื่อว่าเราจะทำได้สำเร็จ,"If we try again, I believe we can succeed."
คุณอยากทานอะไรเป็นพิเศษสำหรับมื้อค่ำคืนนี้ไหม?,Do you want anything special for dinner tonight?
คุณได้ยินข่าวเกี่ยวกับคอนเสิร์ตใหญ่ที่จะมาถึงหรือยัง?,Have you heard the news about the big upcoming concert?
หลังจากที่ฝึกซ้อมมาอย่างหนัก ทีมของเราก็ชนะการแข่งขัน,"After intensive practice, our team won the competition."
คุณสนใจที่จะเข้าร่วมกิจกรรมอาสาสมัครกับเราสุดสัปดาห์นี้ไหม?,Are you interested in joining us for volunteer activities this weekend?
ฉันชอบไปเที่ยวทะเล เพราะมันทำให้ฉันรู้สึกสดชื่น,I like going to the beach because it makes me feel refreshed.
ฉันเพิ่งเริ่มเรียนโยคะ และมันช่วยให้ฉันมีสมาธิมากขึ้น,"I just started practicing yoga, and it helps me focus more."
เราควรนัดพบกันที่ร้านกาแฟในวันพรุ่งนี้เพื่อพูดคุยรายละเอียด,We should meet at the coffee shop tomorrow to discuss the details.
ถ้าคุณไม่ชอบภาพยนตร์เรื่องนี้ เราสามารถเลือกเรื่องอื่นได้,"If you do not like this movie, we can choose another one."
คุณเคยลองอาหารเม็กซิกันไหม มันเผ็ดแต่รสชาติอร่อยมาก,Have you ever tried Mexican food? It is spicy but very tasty.
ถ้าเรามีโอกาส ฉันอยากไปเยี่ยมชมพิพิธภัณฑ์ศิลปะที่มีชื่อเสียง,"If we have the chance, I would like to visit the famous art museum."
ฉันคิดว่าการพักผ่อนเป็นสิ่งสำคัญหลังจากทำงานหนักมาทั้งวัน,I think resting is important after working hard all day.
เราสามารถเริ่มต้นโครงการนี้ได้ทันทีที่ได้รับอนุมัติ,We can start this project as soon as we receive approval.
ฉันเพิ่งได้รับอีเมลแจ้งว่าแพ็คเกจของเราจะมาถึงพรุ่งนี้,I just received an email that our package will arrive tomorrow.
หลังจากที่ได้ฟังคำแนะนำของคุณ ฉันรู้สึกมั่นใจมากขึ้น,"After listening to your advice, I feel more confident."
คุณคิดอย่างไรถ้าเราจะเริ่มโครงการใหม่ในเดือนหน้า?,What do you think if we start a new project next month?
ฉันเพิ่งพบร้านอาหารที่เสิร์ฟอาหารมังสวิรัติอร่อยมาก,I just found a restaurant that serves very delicious vegetarian food.
คุณมีแผนที่จะไปเที่ยวที่ไหนในช่วงวันหยุดปีใหม่หรือเปล่า?,Do you have any plans to travel somewhere during the New Year holidays?
คุณได้อ่านหนังสือเล่มใหม่ของนักเขียนคนโปรดหรือยัง?,Have you read the new book by your favorite author?
ฉันคิดว่าเราควรพักผ่อนและสนุกกับช่วงเวลานี้ให้เต็มที่,I think we should relax and enjoy this moment to the fullest.
ฉันตื่นเต้นที่จะได้เรียนรู้ทักษะใหม่ใหม่ ที่จะช่วยในการทำงาน,I am excited to learn new skills that will help at work.
ถ้าเราจัดการเวลาอย่างมีประสิทธิภาพ เราจะมีเวลาพักผ่อนมากขึ้น,"If we manage our time efficiently, we will have more time to relax."
คุณคิดอย่างไรเกี่ยวกับการเข้าร่วมกิจกรรมวิ่งการกุศลด้วยกัน?,What do you think about joining a charity run together?
ฉันเพิ่งเริ่มเรียนเล่นกีตาร์ และมันท้าทายมากแต่สนุก,"I just started learning guitar, and it is challenging but fun."
เราสามารถแบ่งปันประสบการณ์และความรู้เพื่อพัฒนาทีมได้,We can share experiences and knowledge to develop the team.
ถ้าคุณสนใจ ฉันสามารถแนะนำครูสอนภาษาที่เก่งมากให้คุณได้,"If you are interested, I can recommend a very good language teacher to you."
ฉันรู้สึกประทับใจในความทุ่มเทและความมุ่งมั่นของคุณ,I am impressed by your dedication and commitment.
เราควรติดตามข่าวสารอย่างสม่ำเสมอเพื่อไม่พลาดข้อมูลสำคัญ,We should keep up with the news regularly to not miss important information.
คุณอยากลองทำอาหารสูตรใหม่ที่ฉันพบในหนังสือไหม?,Would you like to try a new recipe I found in a book?
ถ้าเราเปิดใจเรียนรู้สิ่งใหม่ใหม่ เราจะเติบโตขึ้น,"If we open our minds to learn new things, we will grow tremendously."
ฉันดีใจที่ได้พบคุณในงานประชุมเมื่อวานนี้,I am glad to have met you at the conference yesterday.
คุณสามารถช่วยฉันตรวจสอบรายงานนี้ก่อนที่จะส่งได้ไหม?,Can you help me review this report before submitting?
เราควรสนับสนุนกันและกันเพื่อให้ทีมของเราแข็งแกร่งขึ้น,We should support each other to make our team stronger.
ฉันกำลังวางแผนจัดงานเลี้ยงเล็กเล็ก และอยากเชิญคุณมา,I am planning a small party and would like to invite you.
ฉันชอบแนวคิดของคุณ มันสร้างสรรค์และน่าสนใจมาก,I like your idea; it is very creative and interesting.
ฉันตั้งตารอคอยวันที่เราจะได้ทำงานร่วมกันอีกครั้ง,I am looking forward to the day we work together again.
คุณมีความสนใจที่จะเข้าร่วมโครงการสิ่งแวดล้อมนี้หรือไม่?,Are you interested in joining this environmental project?
การแบ่งปันความคิดเห็นช่วยให้เราเข้าใจกันมากขึ้น,Sharing opinions helps us understand each other better.
การสื่อสารที่ดีเป็นกุญแจสำคัญของความสำเร็จในทุกๆ ด้าน,Good communication is the key to success in all areas.
ฉันอยากจะขอบคุณสำหรับความร่วมมือและความเข้าใจของคุณ,I would like to thank you for your cooperation and understanding.
เราควรจัดเวลาพบกันเป็นประจำเพื่ออัพเดตความคืบหน้า,We should schedule regular meetings to update on progress.
ฉันหวังว่าคำแนะนำของฉันจะเป็นประโยชน์กับคุณ,I hope my advice will be helpful to you.
ถ้าคุณมีความคิดสร้างสรรค์ใหม่ใหม่ โปรดแบ่งปันกับทีม,"If you have new creative ideas, please share them with the team."
ฉันยินดีที่จะสนับสนุนคุณในทุกเรื่องที่คุณต้องการ,I am happy to support you in whatever you need.
ถ้าฝนตกหนัก เราควรอยู่บ้านดูหนังและทำอาหารอร่อยอร่อย,"If it rains heavily, we should stay home, watch movies, and cook delicious food."
เธอจะไปงานเลี้ยงวันเกิดของเพื่อนไหม เพราะฉันคิดว่าจะไปด้วย,Are you going to our friend's birthday party? Because I am thinking of going too.
บ้านของฉันอยู่ใกล้กับสถานีรถไฟ ดังนั้นการเดินทางสะดวกมาก,"My house is near the train station, so traveling is very convenient."
ฉันกำลังวางแผนไปเที่ยวต่างประเทศ แต่ยังไม่รู้ว่าจะไปที่ไหน,"I am planning to travel abroad, but do not know where to go yet."
เราจะไปดูหนังกันคืนนี้ไหม หรือจะเลื่อนไปวันพรุ่งนี้,"Shall we go to the movies tonight, or postpone it to tomorrow?"
เมื่อถึงวันหยุดสุดสัปดาห์ ฉันชอบขับรถไปเที่ยวต่างจังหวัด,"When the weekend comes, I like to drive to the countryside."
ถ้าเธอชอบดนตรี เราสามารถไปคอนเสิร์ตด้วยกันได้,"If you like music, we can go to a concert together."
หลังจากที่ฉันออกกำลังกายเสร็จ ฉันรู้สึกสดชื่นมาก,"After I finish exercising, I feel very refreshed."
คุณเห็นกระเป๋าของฉันไหม ฉันวางไว้ที่ไหนสักแห่งแล้วจำไม่ได้,Have you seen my bag? I put it somewhere and can not remember where.
ในช่วงฤดูหนาว ฉันชอบนั่งข้างเตาผิงและอ่านหนังสือ,"During winter, I like to sit by the fireplace and read books."
ถ้าเราตื่นเช้า เราจะมีเวลาทำสิ่งต่างต่าง มากขึ้น,"If we wake up early, we will have more time to do things."
เธออยากไปทานอาหารญี่ปุ่นหรืออาหารอิตาเลียนสำหรับมื้อเย็น,Do you want to have Japanese food or Italian food for dinner?
แม้ว่าฉันจะเหนื่อย แต่ฉันก็พร้อมที่จะช่วยเหลือเธอเสมอ,"Even though I am tired, I am always ready to help you."
เราควรจะเริ่มโครงการนี้เมื่อไหร่ แล้วใครจะเป็นผู้นำทีม,"When should we start this project, and who will lead the team?"
หลังจากที่เราทานข้าวเสร็จ เราไปเดินเล่นที่สวนกันเถอะ,"After we finish eating, let's go for a walk in the park."
เนื่องจากรถติดมาก เราอาจจะไปถึงสายกว่าที่คาดไว้,"Due to heavy traffic, we might arrive later than expected."
ถ้าเรามีเวลา เราสามารถแวะชมพิพิธภัณฑ์ก่อนกลับบ้านได้,"If we have time, we can stop by the museum before going home."
ฉันต้องทำงานบ้านหลายอย่าง เช่น ทำความสะอาดและซักผ้า,"I have many chores to do, like cleaning and laundry."
แม้ว่าฉันจะไม่เก่งกีฬา แต่ฉันก็สนุกกับการเล่นกับเพื่อนเพื่อน,"Even though I am not good at sports, I enjoy playing with friends."
เราจะจัดงานเลี้ยงฉลองสำเร็จการศึกษาของเธอเมื่อไหร่ดี,When shall we hold a graduation celebration for you?
ฉันฝันว่าได้ไปเที่ยวรอบโลกและพบเพื่อนใหม่ใหม่,I dream of traveling around the world and meeting new friends.
คุณอยากเรียนรู้ทักษะใหม่ใหม่ ไหม เช่น การถ่ายภาพหรือการทำอาหาร,Do you want to learn new skills like photography or cooking?
ฉันคิดถึงช่วงเวลาที่เราเคยเล่นด้วยกันตอนเด็กเด็ก,I miss the times when we used to play together as children.
ฉันกำลังอ่านนวนิยายเรื่องหนึ่งที่น่าสนใจมาก,I am reading a very interesting novel.
ถ้าเธอต้องการพักผ่อน เราสามารถหยุดและนั่งพักตรงนี้ได้,"If you need to rest, we can stop and sit here."
เธอเคยลองเล่นโยคะไหม มันช่วยให้ร่างกายและจิตใจผ่อนคลาย,Have you ever tried yoga? It helps relax the body and mind.
ฉันกำลังเตรียมตัวสำหรับสอบสำคัญ และต้องการสมาธิสูง,I am preparing for an important exam and need high concentration.
ถ้าเธอพบปัญหา เราสามารถแก้ไขร่วมกันได้,"If you encounter problems, we can solve them together."
คุณมีความคิดเห็นอย่างไรเกี่ยวกับหนังเรื่องนี้,What do you think about this movie?
ถ้าเธอพร้อมแล้ว เราออกเดินทางกันเลยดีไหม,"If you are ready, shall we set off now?"
ฉันเพิ่งได้รับจดหมายจากเพื่อนที่อยู่ต่างประเทศ,I just received a letter from a friend abroad.
เธอชอบสัตว์เลี้ยงไหม ฉันมีแมวตัวหนึ่งชื่อว่าน้ำตาล,Do you like pets? I have a cat named Sugar.
เรามาเรียนภาษาใหม่ด้วยกันไหม มันคงจะดีที่ได้มีเพื่อนฝึกด้วยกัน,Shall we learn a new language together? It will be good to have a practice partner.
ฉันต้องไปทำธุระในเมือง คุณอยากจะไปด้วยกันไหม,I have to run errands in the city; would you like to come along?
ถ้าเธอได้ยินข่าวดี อย่าลืมบอกฉันด้วยนะ,"If you hear any good news, do not forget to tell me."
ฉันชอบดอกไม้สีสวยสวย และอยากปลูกสวนดอกไม้เล็กเล็ก,I love colorful flowers and want to plant a small flower garden.
เธอคิดว่าการอ่านหนังสือสำคัญไหม สำหรับการพัฒนาตนเอง,Do you think reading is important for self-improvement?
ฉันวางแผนจะไปเดินป่ากับเพื่อนเพื่อน ในช่วงวันหยุดยาว,I am planning to go hiking with friends during the long holiday.
ถ้าเธอมีข้อเสนอแนะ กรุณาแจ้งให้ทีมงานทราบ,"If you have any suggestions, please inform the team."
ถ้าเธอต้องการซื้อของ เราสามารถไปห้างสรรพสินค้าได้,"If you need to shop, we can go to the mall."
ฉันเพิ่งพบวิดีโอที่น่าสนใจมากในอินเทอร์เน็ต,I just found a very interesting video on the internet.
ถ้าเราสามารถแก้ไขปัญหานี้ได้ ทุกอย่างจะดีขึ้น,"If we can solve this problem, everything will get better."
ฉันชอบท้องฟ้ายามค่ำคืน ที่เต็มไปด้วยดวงดาว,I love the night sky that is filled with stars.
เนื่องจากเราไม่มีข้อมูลเพียงพอ เราควรหาข้อมูลเพิ่มเติม,"Since we do not have enough information, we should gather more."
เธอคิดอย่างไรกับแผนการเดินทางที่ฉันเสนอ,What do you think about the travel plan I proposed?
ฉันต้องการเวลาในการพักผ่อน เพื่อฟื้นฟูพลังงาน,I need time to rest and recharge my energy.
เรามาจัดปาร์ตี้เล็กเล็ก เพื่อฉลองความสำเร็จกันเถอะ,Let's throw a small party to celebrate our success.
หลังจากที่ฝนตก พื้นดินก็มีกลิ่นหอมสดชื่น,"After the rain falls, the ground has a fresh fragrant smell."
หลังจากที่เราแก้ไขปัญหานี้แล้ว เราสามารถพักผ่อนได้,"After we solve this problem, we can take a rest."
ถ้าเธออยากออกกำลังกาย เราสามารถไปวิ่งที่สวนสาธารณะได้,"If you want to exercise, we can go running in the park."
เราควรวางแผนสำหรับอนาคต เพื่อให้บรรลุเป้าหมายของเรา,We should plan for the future to achieve our goals.
ฉันอยากลองเล่นดนตรีเครื่องเป่า แต่ยังไม่มีโอกาส,I want to try playing a wind instrument but have not had the chance.
คุณคิดว่าฝนจะตกหรือไม่ ฉันควรพกร่มไปด้วยไหม,Do you think it will rain? Should I bring an umbrella?
ถ้าเธอต้องการพักผ่อน เราสามารถยกเลิกแผนวันนี้ได้,"If you need to rest, we can cancel today's plans."
เธอต้องการความช่วยเหลือในการจัดเตรียมงานปาร์ตี้ไหม,Do you need help preparing for the party?
เราควรตรวจสอบงานของเราอีกครั้ง เพื่อหาข้อผิดพลาด,We should review our work again to find mistakes.
เธอควรใช้แฟลชเมื่อถ่ายรูปในที่แสงน้อยและตรวจสอบการตั้งค่ากล้องด้วยนะ,You should use flash when taking photos in low light and check the camera settings too.
ผมซื้อบร็อกโคลี่สดจากตลาดมาทำสลัดเพราะอยากกินอาหารสุขภาพ,I bought fresh broccoli from the market to make salad since I wanted to eat healthy.
เขาเพิ่งซื้อโน้ตบุ๊กแบรนด์ใหม่ที่ร้านไอทีพลาซ่าพร้อมรับประกันสามปี,He just bought a new brand notebook at IT Plaza with a three-year warranty.
ฟรุกโตสในผลไม้เมืองร้อนทำให้สมูทตี้นี้หวานธรรมชาติโดยไม่ต้องเติมน้ำตาล,The fructose in tropical fruits makes this smoothie naturally sweet without added sugar.
เด็กนักเรียนวิ่งเล่นจนหน้าแดงแล้วมานั่งพักใต้ต้นไม้ใหญ่ที่สวนสาธารณะ,"The students ran around until flushed, then rested under big trees at the public park."
คุณพนักงานช่วยหาหนังสือเกี่ยวกับฟลูออรีนในแผนกวิทยาศาสตร์ได้ไหมครับ,"Excuse me, could you help find books about fluorine in the science section?"
ฉันเพิ่งเรียนวิธีทำปอเปี๊ยะเวียดนามจากคลาสการทำอาหารที่ศูนย์วัฒนธรรม,I just learned how to make Vietnamese spring rolls in a cooking class at the cultural center.
นักท่องเที่ยวชอบถ่ายรูปกับโป๊ะสีสันสดใสก่อนพระอาทิตย์ตกที่ชายหาด,Tourists love taking photos with colorful fishing platforms before sunset at the beach.
ซอฟต์แวร์นี้ต้องการแฟลชไดรฟ์ความจุสูงและบราเซอร์เวอร์ชันล่าสุด,This software requires a high-capacity flash drive and the latest browser version.
เธอวางแผนจะเรียนต่อที่ปารีสพร้อมทำงานพาร์ทไทม์ไปด้วย,She plans to study in Paris while working part-time.
แมวเพอร์เซียของพวกเขามักนอนเคลิ้มบนพื้นไม้หลังกินอาหารมื้อเช้า,Their Persian cat usually dozes on the wooden floor after morning meal.
นักดนตรีกำลังปรับเสียงไวโอลินให้ตรงกับโน้ตเปียโนในห้องซ้อมดนตรี,The musician is tuning his violin to match the piano notes in the rehearsal room.
เราต้องซื้อฟลูออรีนและสารเคมีอื่นอื่นจากห้องแล็บสำหรับการทดลองครั้งใหม่,We need to buy fluorine and other chemicals from the lab for the new experiment.
เด็กชายคนนั้นกำลังพยายามประกอบโมเดลรถไฟโบราณจากชุดDIYของญี่ปุ่น,That boy is trying to assemble an antique train model from a Japanese DIY kit.
พวกเขากำลังถกเถียงกันเรื่องแบรนด์สมาร์ทโฟนใหม่ที่เพิ่งเปิดตัวเมื่อวาน,They are arguing about the new smartphone brand launched yesterday.
เราต้องการจองห้องประชุมที่ฮอลล์ฟลอร์สองสำหรับสัมมนาวันพุธหน้า,We need to book a meeting room on the hall at the second floor for next Wednesday's seminar.
ฟาร์มแห่งนี้ปลูกบร็อกโคลี่ออร์แกนิกและแอปเปิ้ลพันธุ์พิเศษส่งออกต่างประเทศ,This farm grows organic broccoli and special apple varieties for export.
คุณหมอแนะนำให้กินฟรุตสลัดกับโยเกิร์ตแทนขนมหวานเพื่อสุขภาพฟันที่ดี,The doctor recommended eating fruit salad with yogurt instead of sweets for dental health.
เธอซื้อชุดเดรสฟรุ้งฟริ้งจากบูติกฝรั่งเศสเพื่อไปงานเลี้ยงคืนพรุ่งนี้,She bought a frilly dress from a French boutique for tomorrow night's party.
นักวิจัยพบฟลูออรีนในน้ำบาดาลบริเวณนี้เกินมาตรฐานความปลอดภัย,Researchers found excessive fluorine in groundwater here beyond safety standards.
คุณครูสั่งให้นักเรียนฝึกอ่านโน้ตดนตรีและทบทวนบทเรียนก่อนสอบ,The teacher told students to practice reading musical notes and review lessons before the exam.
ฟาร์มสเตย์นี้มีกิจกรรมเก็บแอปเปิ้ลและทำแยมแบบโฮมเมดให้นักท่องเที่ยว,This farmstay offers apple picking and homemade jam making activities for tourists.
เด็กเด็ก กำลังวาดรูปสัตว์ทะเลสีสันสดใสในเวิร์กช็อปศิลปะริมชายหาด,Children are drawing colorful sea creatures in art workshop by the beach.
เราต้องซื้อฟลูออโรคาร์บอนใหม่สำหรับระบบทำความเย็นในห้องปฏิบัติการ,We need to buy new fluorocarbon for the cooling system in the laboratory.
นักท่องเที่ยวกลุ่มนั้นกำลังถ่ายรูปกับปอเปี๊ยะยักษ์หน้าตลาดน้ำ,Those tourists are taking photos with the giant spring roll statue at the floating market.
เธอเพิ่งสมัครเรียนภาษาฝรั่งเศสและวัฒนธรรมฟร็องซ์ที่สถาบันนานาชาติ,She just enrolled in the French language and French culture class at the international institute.
เราต้องการแฟลชไดรฟ์ความเร็วสูงสำหรับถ่ายโอนข้อมูลสำคัญโดยด่วน,We need a high-speed flash drive for urgent transfer of important data.
ฟรุตสลัดจานนี้มีแอปเปิ้ลเขียว องุ่น และบร็อกโคลี่นึ่งราดน้ำผึ้ง,"This fruit salad has green apple, grapes, and steamed broccoli with a honey drizzle."
นักออกแบบกำลังสร้างโมเดล 3D ของตึกแกรนด์ใหม่ที่จะเป็นแลนด์มาร์ก,Designers are creating a 3D model of a new grand tower that will become a landmark.
นักวิจัยกำลังทดลองใช้สารฟลูออโรคาร์บอนชนิดใหม่ในระบบทำความเย็น,Researchers are testing a new fluorocarbon type in the cooling system.
คุณสามารถหาหนังสือเกี่ยวกับสถาปัตยกรรมฟร็องซ์ที่แผนกศิลปะชั้นห้า,You can find books on French architecture on the fifth floor of the art department.
เด็กนักเรียนกำลังทดลองวิทยาศาสตร์กับฟลูออรีนภายใต้การดูแลอย่างใกล้ชิด,Students are conducting science experiments with fluorine under close supervision.
เราต้องการช่างภาพที่ใช้แฟลชมืออาชีพสำหรับถ่ายสินค้าเครื่องประดับ,We need a photographer with professional flash for jewelry product photography.
คุณพ่อชอบฟังเพลงแจ๊สคลาสสิกขณะทำงานไม้ในโรงรถวันหยุด,Dad enjoys classic jazz while woodworking in the garage during days off.
นักออกแบบกำลังสร้างโมเดลดิจิตอลของตึกแกรนด์ใหม่ใจกลางเมือง,Designers are creating a digital model of a new grand tower in the city center.
เธอซื้อชุดเดรสฟรุ้งฟริ้งสีฟ้าจากร้านบูติกเล็กเล็กในตรอกศิลปิน,She bought a blue frilly dress from a small boutique in the artist alley.
โปรแกรมเมอร์รุ่นใหม่สามารถเขียนโค้ดได้เร็วแต่ต้องพัฒนาความแม่นยำ,"The new generation programmer can code quickly, but needs accuracy improvement."
พร่ำเพ้อถึงความฝันที่ยังไม่เป็นจริงทำให้เขาเสียเวลาไปหลายชั่วโมง,Daydreaming about unrealized ambitions has caused him to waste many hours.
คุณควรตรวจสอบกระเป๋าหนังนี้ก่อนซื้อเพราะอาจมีรอยขาดเล็กน้อย,You should inspect this leather bag thoroughly before purchasing as there might be minor tears.
ดรากอนฟรุตสลัดนี้มีรสเปรี้ยวหวานชวนกินแต่เธอต้องระวังน้ำตาลสูง,"This dragon fruit salad has a tempting sweet-sour flavor, though you should watch its high sugar content."
เสื้อขาวจั๊วะคู่นี้ดูสะอาดตาแต่ซักยากมากควรใช้ผงซักฟอกพิเศษ,This ultra-white shirt looks crisp but requires special detergent for washing.
พวกเรากำลังวางแผนจะไปเที่ยวภูเขาเพื่อพักผ่อน พร้อมทั้งศึกษาพันธุ์ไม้หายาก,We are planning a mountain trip to both relax and study rare plant species.
รถโบราณสีบรอนซ์คันนั้นแม้ดูเก่าแต่เครื่องยนต์ยังแรงกว่ารุ่นใหม่หลายคัน,"That bronze vintage car might look antique, but its engine outperforms many modern models."
ไฮดรอกไซด์รั่วจากห้องทดลองทำให้ต้องอพยพคนทั้งอาคารทันที,Hydroxide leakage from the lab forced immediate evacuation of the entire building.
การเพ้อเจ้อเรื่องนโยบายเศรษฐกิจของนักการเมืองทำให้ประชาชนสับสน,Politicians' rambling about economic policies have confused the public.
แม่ค้าตะโกนขายแอปเปิ้ลแช่เย็นฉ่ำๆขณะที่รถบัสติดไฟแดง,The vendor shouted about selling chilled juicy apples as buses idled at red lights.
ทีมพัฒนาของบริษัทกำลังสร้างแอปช่วยจำลองการลงทุนระยะยาว,The company's development team is creating an app for simulating long-term investments.
การบรรยายเรื่องประวัติศาสตร์เอเชียต้องใช้ข้อมูลอ้างอิงที่หลากหลาย,Lecturing about Asian history requires using diverse reference materials.
น้ำแอปเปิ้ลคั้นสดสดช่วยให้เธอรู้สึกกระปรี้กระเปร่าหลังทำงานดึก,Freshly squeezed apple juice helps her feel refreshed after late-night work.
พวกเขาต้องการวิศวกรไฮดรอลิกมาช่วยแก้ปัญหาระบบลิฟต์ขัดข้อง,They need hydraulic engineers to help resolve the malfunctioning elevator system.
รัฐบาลควรแก้ปัญหาแมลงเม่าในชุมชนก่อนจะลุกลามใหญ่โต,The government should address termite infestation issues in communities before they escalate.
การร่างสัญญาครั้งนี้ใช้เวลานานเพราะต้องตรวจสอบทุกข้อพิพาท,Drafting this contract took longer due to needing thorough dispute clause examinations.
เบราว์เซอร์ใหม่นี้ปลอดภัยกว่ามากแต่กินทรัพยากรระบบเกินจำเป็น,This new browser is much more secure but consumes excessive system resources.
เด็กเด็ก กำลังวาดมังกรสีสันสดใสขณะที่ครูสอนเรื่องจินตนาการ,The children are drawing vibrant dragons while the teacher explains imagination concepts.
เราควรปรึกษาผู้เชี่ยวชาญเรื่องการออกแบบบรรจุภัณฑ์ให้ทนทานขึ้น,We should consult experts about making our packaging designs more durable.
บราวนี่สูตรนี้ต้องอบที่อุณหภูมิพอเหมาะจึงจะได้เนื้อนุ่มชุ่มฉ่ำ,"This brownie recipe requires precise oven temperature for achieving moist, tender texture."
ระบบทำความเย็นขัดข้องส่งผลให้ผลิตภัณฑ์อาหารเสียหายจำนวนมาก,Cooling system failure caused massive food product spoilage.
ความแกร่งของวัสดุชนิดนี้ทดสอบแล้วว่าทนแรงกระแทกได้ดีกว่าคอนกรีต,This material's rigidity has been tested to withstand impacts better than concrete.
ชุดขาวจั๊วะไม่เหมาะกับงานกลางแจ้งเพราะเห็นคราบสกปรกง่าย,Ultra-white outfits are not suitable for outdoor events since dirt shows up more obviously.
เบอร์รี่นำเข้าที่มีวิตามินสูงนี้ปลูกได้เฉพาะเขตหนาวจึงราคาแพง,Imported vitamin-rich berries are expensive due to exclusive cultivation in cold regions.
การแปรงฟันแรงๆ และใช้ไหมขัดฟันบ่อยๆ อาจทำให้เหงือกอักเสบได้,Brushing too hard and frequent flossing might cause gum inflammation.
พร่ำสอนลูกเรื่องมารยาทสังคมเป็นสิ่งดีแต่ต้องไม่ทำให้เขารู้สึกอึดอัด,Constantly lecturing children about social etiquette is good but shouldn't make them uncomfortable.
แคชเบราว์เซอร์เก็บข้อมูลมากเกินไปจนเครื่องทำงานช้าลงทุกวัน,The browser's excessive cached data slows down device performance daily.
แบบร่างแรกของบทความนี้ยังมีหลายจุดที่ต้องปรับปรุง,The first draft of this article still has several points needing improvement.
เวลาเคลิ้มฟังเพลงโปรดมักทำให้เขาลืมความเครียดจากงานชั่วคราว,Getting lost in his favorite music temporarily helps him forget work stress.
ทุเรียนพรีเมียมลูกนี้แม้ราคาสูงแต่คุ้มค่าด้วยคุณภาพ,This premium durian's quality justifies its high price point.
การเพ้อถึงอดีตที่ผ่านมามักทำให้ปัจจุบันดูไม่น่าพอใจ,Fantasizing about bygone eras often makes the present seem dissatisfying.
บราวนี่สอดไส้เกาลัดนี่อร่อยแต่ควรลดความหวานลงอีกหน่อย,This chestnut-filled brownie tastes great but should use slightly less sweetness.
เบรคไฮดรอลิกเริ่มมีปัญหาเมื่อขับบนทางลาดชันเป็นเวลานาน,The hydraulic brakes show issues when driving on steep slopes for extended periods.
แคะแกะรหัสความปลอดภัยต้องใช้ความอดทนและทักษะพิเศษ,Deciphering security codes requires special skills and immense patience.
แมลงปอช่วยควบคุมประชากรยุงได้ดีกว่ายาฆ่าแมลงทั่วไป,Dragonflies control mosquito populations more effectively than regular insecticides.
พร่ำบอกให้เด็กท่องสูตรคูณแต่ไม่สอนวิธีประยุกต์ใช้ก็ไร้ประโยชน์,Making children memorize multiplication tables without teaching applications is futile.
น้ำตาลทรายในสูตรนี้สามารถแทนที่ด้วยน้ำผึ้งได้สำหรับคนลดน้ำหนัก,Sugar in this recipe can be substituted with honey for weight-watchers.
ผ้าขาวจั๊วะเหล่านี้ต้องซักด้วยน้ำเย็นเท่านั้นเพื่อรักษาสี,These ultra-white fabrics require cold water washing exclusively to preserve color.
บริการสำหรับคนรักเทคโนโลยีนี้ดีแต่ค่าบริการสูง,"This service for tech enthusiasts meets needs, though service fees are steep."
การพร่ำรำพันถึงความสำเร็จเก่ายิ่งทำให้ความกดดันปัจจุบันเพิ่มขึ้น,Dwelling on past achievements only amplifies current pressure.
ร้านค้าเริ่มขายพันธุ์ไม้หายากผ่านแอปพลิเคชันออนไลน์แล้ววันนี้,The store started selling rare plant species via their new mobile app today.
ระบบทำความเย็นต้องตรวจสอบทุกเดือนเพื่อป้องกันการรั่ว,Cooling systems require monthly inspections to prevent leaks.
ทัวร์ล่องเรือยามค่ำคืนให้ประสบการณ์ที่โรแมนติกมาก,Nighttime boat tours offer exceptionally romantic cruising experiences.
พร่ำตำหนิลูกน้องต่อหน้าคนอื่นทำให้ขวัญกำลังใจทีมลดฮวบ,Publicly scolding staff members constantly devastates team morale.
เพสตรี้ต้องอบในเตาอุ่นก่อนเสิร์ฟจึงจะกรอบนุ่มสมบูรณ์แบบ,Pastries need warm oven finishing before serving for perfect crisp-tenderness.
ระบบไฟฟ้าในโรงงานนี้ผลิตพลังงานได้ไม่เสถียร,The power system in this factory generates unstable electricity output.
ผ้าปูเตียงขาวจั๊วะเหล่านี้ต้องใช้น้ำยาซักผ้าขาวพิเศษเท่านั้น,These ultra-white bed linens require special bleach-containing detergents exclusively.
สลัดผลไม้ชามนี้มีทั้งสับปะรด แก้วมังกร และมะม่วงสุกหอมๆ,"This fruit salad bowl combines pineapple, dragon fruit, and fragrant ripe mango."
การท่องตำราอย่างเดียวไม่ช่วยพัฒนาทักษะการคิดวิเคราะห์,Mere textbook recitation does not develop critical thinking abilities.
โรงไฟฟ้าพลังน้ำแห่งใหม่ใช้พลังงานจากเขื่อนผลิตไฟฟ้าสะอาด,The new hydroelectric plant utilizes dam water for clean electricity generation.
แคะคราบชากาแฟออกจากถ้วยเซรามิกต้องใช้เบกกิ้งโซดาและน้ำอุ่น,Removing tea/coffee stains from ceramic mugs requires baking soda and warm water.
รองเท้าขาวจั๊วะที่ซื้อมาดูแลยากจนคิดว่าควรเลือกสีเข้มแทน,Ultra-white shoe maintenance hassles make me regret not choosing darker colors.
ระบบเรดาร์ใหม่สามารถตรวจจับพายุได้ล่วงหน้าถึง 48 ชั่วโมง,The new radar system detects storms 48 hours in advance.
อาคารเก่าแก่เหล่านี้กำลังถูกปรับปรุงเป็นโรงแรมบูติก,These heritage buildings are being renovated into boutique hotels.
เครื่องอัดไฮดรอลิกชำรุดทำให้สายการผลิตหยุดทำงานทั้งกะบ่าย,The hydraulic press breakdown halted the entire afternoon production shift.
แคะหูบ่อยเกินไปอาจทำให้เยื่อแก้วหูอักเสบหรือเป็นแผลได้,Excessive ear cleaning can cause eardrum inflammation or injuries.
คาเฟ่เปิดตัวเมนูพิเศษที่ผสมผสานชาไทยกับขนมฝรั่งเศส,The cafe launched special menus blending Thai teas with French pastries.
พร่ำอวดความสำเร็จของลูกตัวเองทำให้เพื่อนบ้านรู้สึกอึดอัด,Constantly bragging about your child's achievements makes neighbors uncomfortable.
ซูชิร้านนี้มีรสชาติเฉพาะตัวจากน้ำส้มสายชูหมักพิเศษ,This sushi shop boasts unique flavors from special fermented vinegar.
ครีมลดริ้วรอยตัวใหม่เห็นผลภายใน 2 สัปดาห์,The new anti-wrinkle cream shows visible results within two weeks.
ผ้าม่านขาวจั๊วะเหล่านี้ต้องเปลี่ยนทุกปีเพราะสีเหลืองง่าย,These ultra-white curtains need annual replacement due to quick yellowing.
การพร่ำบ่นเรื่องสภาพอากาศร้อนไม่ช่วยให้อุณหภูมิลดลงเลย,Complaining about hot weather constantly does not actually lower temperatures.
คุกกี้ชุดนี้ผ่านการรับรองว่าใช้ไขมันทรานส์ศูนย์เปอร์เซ็นต์,This cookie set is certified trans-fat free.
แคะเศษผงออกจากคีย์บอร์ดควรใช้แปรงนุ่มนุ่ม เพื่อไม่ให้ปุ่มเสีย,Dust removal from keyboards requires soft brushes to prevent key damage.
โหมดถ่ายภาพสีน้ำตาลช่วยให้ภาพวิวตอนพระอาทิตย์ตกสมจริงกว่า,Brown tone photography makes sunset landscapes appear more authentic.
วิศวกรกำลังตรวจสอบรอยรั่วในระบบยกตู้คอนเทนเนอร์,Engineers are investigating leaks in the container lifting system.
สเก็ตพาร์คแห่งใหม่มีทางลาดสำหรับมืออาชีพและผู้เริ่มต้น,The new skate park features ramps for both pros and beginners.
สมูทตี้โปรตีนสูงสูตรนี้เหมาะสำหรับหลังออกกำลังกาย,This high-protein smoothie is perfect for post-workout recovery.
เสื้อเชิ้ตขาวจั๊วะเหล่านี้ต้องซักด้วยมือเพื่อรักษาสี,These ultra-white dress shirts require handwashing to preserve color.
แกลเลอรีศิลปะจัดแสดงงานประติมากรรมร่วมสมัยเดือนหน้า,The art gallery will host contemporary sculpture exhibitions next month.
ฉันชอบอ่านหนังสือที่ร้านกาแฟเงียบๆเพราะทำให้มีสมาธิดี,I like reading books at quiet coffee shops because it helps me concentrate.
เมื่อวานนี้รถติดมากทำให้ฉันไปถึงที่ทำงานสายเป็นครั้งแรก,Yesterday the traffic was so bad that I arrived at work late for the first time.
คุณเห็นกระเป๋าของฉันไหมที่ฉันวางไว้บนโต๊ะเมื่อกี้นี้,Did you see my bag that I just placed on the table a moment ago?
ฤดูฝนปีนี้ฝนตกบ่อยมากทำให้ถนนลื่นต้องระวังเวลาเดินทาง,"This rainy season, it rains very often, making the roads slippery, so we need to be careful when traveling."
ฉันเคยไปญี่ปุ่นเมื่อปีที่แล้วและประทับใจในวัฒนธรรมของเขามาก,I went to Japan last year and was very impressed with their culture.
เมื่อไหร่ที่คุณพร้อมเราจะออกเดินทางไปยังภูเขาที่สวยงามนั้น,"Whenever you are ready, we will set off to that beautiful mountain."
งานศิลปะที่แสดงในพิพิธภัณฑ์นี้สะท้อนถึงวัฒนธรรมไทยได้ดีมาก,The artworks exhibited in this museum reflect Thai culture very well.
ถึงแม้ว่าฝนจะตกเราก็ยังสามารถไปช็อปปิ้งที่ห้างสรรพสินค้าได้,"Even though it is raining, we can still go shopping at the mall."
เมื่อฉันมีเวลาว่างฉันมักจะไปวิ่งที่สวนเพื่อสุขภาพที่ดีขึ้น,"When I have free time, I often go running in the park for better health."
ฉันคิดว่าหนังเรื่องนี้มีความหมายลึกซึ้งและน่าติดตามมาก,I think this movie has a deep meaning and is very engaging.
คุณช่วยอธิบายปัญหานี้ให้ฉันฟังอีกครั้งได้ไหมฉันยังไม่เข้าใจ,Could you please explain this problem to me again? I still do not understand.
ฉันหวังว่าคืนนี้ฉันจะนอนหลับฝันดีและตื่นมาอย่างสดชื่น,I hope that tonight I will sleep well and wake up feeling refreshed.
อาหารเช้าที่ดีจะช่วยให้เรามีพลังงานตลอดทั้งวัน,A good breakfast will help us have energy throughout the day.
คุณได้ยินข่าวล่าสุดเกี่ยวกับการเปิดตัวผลิตภัณฑ์ใหม่หรือยัง,Have you heard the latest news about the new product launch yet?
การอ่านหนังสือนอกจากจะสนุกแล้วยังช่วยเพิ่มความรู้ด้วย,Reading books is not only fun but also helps increase knowledge.
เมื่อถึงวันหยุดฉันอยากจะพักผ่อนที่บ้านและดูหนังเรื่องโปรด,"When the holiday comes, I want to relax at home and watch my favorite movie."
คุณคิดว่าเราควรไปเที่ยวที่ไหนในวันหยุดสุดสัปดาห์นี้ดี,Where do you think we should go for a trip this weekend?
ฉันเพิ่งเรียนรู้การทำขนมเค้กและอยากลองทำให้คุณชิม,I just learned how to bake a cake and want to try making it for you to taste.
การดูแลต้นไม้ทำให้ฉันรู้สึกสงบและเชื่อมโยงกับธรรมชาติ,Taking care of plants makes me feel calm and connected to nature.
คุณเคยลองอาหารจานนี้หรือยังฉันคิดว่าคุณน่าจะชอบมัน,Have you tried this dish yet? I think you might like it.
ถ้าเราทำงานเป็นทีมเราจะสามารถเอาชนะอุปสรรคได้ง่ายขึ้น,"If we work as a team, we can overcome obstacles more easily."
เมื่อเรามีความสุขเราควรแบ่งปันให้กับคนรอบข้างด้วย,"When we are happy, we should share it with those around us."
ฉันกำลังหาข้อมูลเกี่ยวกับสถานที่ท่องเที่ยวสำหรับการเดินทางครั้งหน้า,I am researching tourist spots for our next trip.
ถ้าเรามีเวลาว่างเราควรใช้มันให้เป็นประโยชน์มากที่สุด,"If we have free time, we should make the most beneficial use of it."
คุณคิดว่าอันไหนดีกว่าระหว่างการทำงานที่บ้านกับที่สำนักงาน,Which do you think is better between working from home and at the office?
ถ้าเรามีใจที่เปิดกว้างเราก็จะได้เรียนรู้สิ่งใหม่ใหม่เสมอ,"If we have an open mind, we will always learn new things."
ฉันอยากลองฝึกสมาธิเพื่อให้จิตใจสงบและคลายความเครียด,I want to try practicing meditation to calm my mind and relieve stress.
คุณอยากลองทำกิจกรรมผจญภัยเช่นปีนเขาหรือดำน้ำดูปะการังไหม,Would you like to try adventure activities like mountain climbing or snorkeling?
เมื่อเรามีเป้าหมายเราก็ควรพยายามอย่างเต็มที่เพื่อให้บรรลุ,"When we have goals, we should strive fully to achieve them."
ฉันอยากเรียนทำขนมปังโฮมเมดเพื่อทำให้ครอบครัวทาน,I want to learn to bake homemade bread to make for my family.
คุณคิดว่าเทคโนโลยีจะเปลี่ยนแปลงชีวิตของเราอย่างไรบ้าง,How do you think technology will change our lives?
ฉันกำลังมองหาวิธีที่จะปรับปรุงทักษะการจัดการเวลาของฉัน,I am looking for ways to improve my time management skills.
ถ้าเราช่วยเหลือผู้อื่นเราก็จะได้รับความสุขและความพึงพอใจ,"If we help others, we will gain happiness and satisfaction."
คุณอยากลองเรียนรู้การทำสวนไหมมันเป็นกิจกรรมที่ผ่อนคลาย,Would you like to try learning gardening? It is a relaxing activity.
ฉันตั้งใจว่าจะลดการกินน้ำตาลเพื่อสุขภาพที่ดียิ่งขึ้น,I intend to reduce sugar intake for better health.
ถ้าเราสร้างนิสัยที่ดีเราก็จะมีชีวิตที่มีคุณภาพขึ้น,"If we develop good habits, we will have a better quality of life."
ฉันกำลังฝึกทำสมูทตี้ผลไม้สดเพื่อสุขภาพที่ดีของฉัน,I am practicing making fresh fruit smoothies for my health.
คุณสนใจที่จะเข้าร่วมเวิร์กช็อปเกี่ยวกับการพัฒนาตนเองไหม,Are you interested in attending a workshop on self-development?
ฉันอยากเริ่มเขียนบล็อกเพื่อแบ่งปันประสบการณ์ของฉันกับผู้อื่น,I want to start writing a blog to share my experiences with others.
การมีทัศนคติที่ดีย่อมนำพาเราไปพบกับสิ่งที่ดีในชีวิต,Having a good attitude will lead us to find good things in life.
การใช้เวลาเงียบๆคนเดียวบ้างจะช่วยให้เรารู้จักตนเองมากขึ้น,Spending some quiet time alone helps us know ourselves better.
คุณมีเคล็ดลับอะไรในการสร้างแรงบันดาลใจให้ตัวเองบ้าง,What tips do you have for inspiring yourself?
ฉันคิดว่าความเมตตาและความเข้าใจเป็นสิ่งสำคัญในสายสัมพันธ์,I think kindness and understanding are important in relationships.
ถ้าเรายอมรับความแตกต่างของผู้อื่นโลกก็จะสงบสุขขึ้น,"If we accept others' differences, the world will be more peaceful."
ฉันเชื่อว่าทุกปัญหาย่อมมีทางแก้ถ้าเราไม่ยอมแพ้,I believe that every problem has a solution if we do not give up.
พ่อของฉันรู้สึกมึนหัวเมื่อตื่นขึ้นมาเช้านี้ เพราะเขาโผนตัวลงจากเตียงเร็วเกินไป,My father felt dizzy when he woke up this morning because he jumped out of bed too quickly.
ร้านอาหารเยอะมากในห้างนี้ แต่เราควรไปร้านที่เพื่อนแนะนำเพราะอาหารอร่อยและราคาไม่แพง,"There are many restaurants in this mall, but we should go to the one our friend recommended because the food is delicious and not expensive."
น้องสาวของฉันซื้อแบล็คเบอร์รี่มาเยอะมาก จึงแบ่งให้เพื่อนบ้านด้วย,"My sister bought a lot of blackberries, so she shared some with the neighbors."
ฉันล็อคประตูบ้านไว้แล้วก่อนออกไปทำงาน แต่จำไม่ได้ว่าปิดหน้าต่างหรือเปล่า,"I locked the house door before going to work, but I can not remember if I closed the windows."
คนขับรถบรรทุกต้องหนุนล้อไว้เพื่อความปลอดภัย เพราะจอดรถบนพื้นที่ลาดชัน,The truck driver had to support the wheels for safety because he parked on a steep slope.
ผมไปซื้อบลูเบอร์รี่ที่ตลาดเมื่อเช้า แต่ราคาแพงมากเพราะเป็นผลไม้นำเข้า,"I went to buy blueberries at the market this morning, but they were very expensive because they are imported fruit."
เขาโหมงานหนักมาตลอดเดือน จึงต้องพักผ่อนให้เพียงพอในวันหยุด,"He has been working intensively all month, so he needs to get enough rest on holidays."
หลังจากที่ฝนตกหนัก น้ำก็ท่วมถนนจึงต้องหาเส้นทางอื่นไปทำงาน,"After the heavy rain, the road was flooded so I had to find another route to work."
คุณแม่โผนตัวขึ้นรถเมล์อย่างรวดเร็ว เพราะกลัวว่าจะไม่ทันเวลาทำงาน,My mother quickly jumped onto the bus because she was afraid of being late for work.
พี่สาวของฉันชอบดื่มชาเย็นเยอะเยอะในหน้าร้อน แต่แม่บอกว่าไม่ดีต่อสุขภาพ,"My sister likes to drink a lot of iced tea in the hot season, but mom says it is not good for her health."
เขารู้สึกมึนหัวและปวดหัวหลังจากนั่งดูโทรทัศน์ติดต่อกันหลายชั่วโมง,He felt dizzy and had a headache after watching television continuously for many hours.
พ่อล็อครถยนต์สองครั้งเพื่อความมั่นใจ ก่อนที่จะเดินเข้าไปในห้างสรรพสินค้า,Dad locked the car twice for assurance before walking into the shopping mall.
น้องสาวต้องหนุนหมอนสูงๆตอนนอน เพราะเธอมีปัญหาเรื่องการหายใจตอนกลางคืน,My sister needs to prop up high pillows when sleeping because she has breathing problems at night.
แม่บ่นว่าห้องครัวเลอะเทอะมากหลังจากที่พ่อทำอาหารเย็น แต่อาหารก็อร่อยมาก,"Mom complained that the kitchen was very messy after dad cooked dinner, but the food was very delicious."
เธอจึงตัดสินใจย้ายบ้านเพื่อให้ใกล้ที่ทำงานมากขึ้น หลังจากเหนื่อยกับการเดินทางไกล,She therefore decided to move house to be closer to work after getting tired of the long commute.
น้องชายชอบกินบลูเบอร์รี่สดมากกว่าแบบแช่แข็ง เพราะรสชาติดีกว่าและมีประโยชน์มากกว่า,My little brother prefers fresh blueberries over frozen ones because they taste better and are more nutritious.
พ่อโหมทำงานหนักตลอดทั้งเดือน เพื่อจะได้พาครอบครัวไปเที่ยวต่างประเทศ,Dad has been working intensively all month so he can take the family on an overseas trip.
เขาจึงตัดสินใจซื้อรถใหม่หลังจากที่ซ่อมรถเก่ามาหลายครั้งแล้ว,He therefore decided to buy a new car after repairing the old one several times.
พี่ชายชอบซื้อแบล็คคอฟฟี่ที่ร้านประจำ เพราะเขาชอบรสชาติที่เข้มข้น,My brother likes to buy black coffee at his regular shop because he likes the strong taste.
คุณยายล็อคประตูบ้านทุกครั้งก่อนนอน เพราะท่านกังวลเรื่องความปลอดภัย,Grandmother locks the house door every time before sleeping because she is concerned about safety.
หมอแนะนำให้หนุนหมอนสูงขึ้นเวลานอน เพื่อช่วยลดอาการนอนกรน,The doctor recommended propping up the pillow higher when sleeping to help reduce snoring.
เด็กเด็กเล่นกันเยอะมากในสนามเด็กเล่น จนครูต้องคอยดูแลอย่างใกล้ชิด,"The children play a lot in the playground, so the teacher has to watch them closely."
พนักงานโหมทำงานดึกหลายวันติดต่อกัน เพื่อให้งานเสร็จทันกำหนดส่ง,The employees worked late for several consecutive days to finish the work by the deadline.
เด็กเด็กชอบเล่นบล็อกไม้ในห้องเรียน แต่ต้องเก็บให้เรียบร้อยก่อนกลับบ้าน,"The children like to play with wooden blocks in the classroom, but they must clean up neatly before going home."
คุณตาต้องหนุนหมอนสามใบเวลานอน เพราะมีปัญหาเรื่องหลังและคอ,Grandfather needs to prop up three pillows when sleeping because he has back and neck problems.
เขาจึงเลือกที่จะเดินทางด้วยรถไฟฟ้าแทนรถยนต์ส่วนตัว,He therefore chose to travel by train instead of his private car.
มีร้านอาหารเยอะมากในศูนย์อาหารแห่งนี้ จนเลือกไม่ถูกว่าจะทานร้านไหนดี,There are so many restaurants in this food court that it is hard to choose which one to eat at.
เธอจึงตัดสินใจเรียนต่อต่างประเทศหลังจากเก็บเงินมาหลายปี,She therefore decided to study abroad after saving money for many years.
พนักงานใหม่โหมงานหนักมาก เพื่อพิสูจน์ตัวเองในช่วงทดลองงาน,The new employee worked very intensively to prove himself during the probation period.
ลูกชายชอบเล่นบล็อกตัวต่อ จึงซื้อชุดใหม่ให้เป็นของขวัญวันเกิด,"My son likes to play with building blocks, so I bought a new set as a birthday gift."
คุณย่าต้องหนุนหมอนสูงตอนนอน เพราะมีปัญหาเรื่องการหายใจ,Grandmother needs to prop up her pillow when sleeping because she has breathing problems.
เขารู้สึกเวียนหัวและอ่อนเพลียหลังออกกำลังกายหนักเกินไป จึงต้องนั่งพักสักครู่,"He felt dizzy and tired after exercising too hard, so he had to sit and rest for a while."
เธอจึงตัดสินใจลาออกจากงานหลังจากทำงานที่นี่มาห้าปี,She therefore decided to quit her job after working here for five years.
พี่ชายซื้อรถแบล็คเมทัลลิคคันใหม่ หลังจากเก็บเงินมานาน,My brother bought a new black metallic car after saving money for a long time.
มีร้านอาหารเยอะมากในย่านนี้ แต่ส่วนใหญ่ราคาค่อนข้างแพง,"There are many restaurants in this area, but most of them are quite expensive."
เขาจึงเริ่มออกกำลังกายทุกเช้าหลังจากหมอเตือนเรื่องสุขภาพ,He therefore started exercising every morning after the doctor warned him about his health.
น้องสาวทำสมูทตี้บลูเบอร์รี่หกใส่พรมใหม่ ทำให้แม่โกรธมาก,"My sister spilled blueberry smoothie on the new carpet, making mom very angry."
พนักงานทุกคนโหมทำงานหนักเพื่อให้เสร็จก่อนวันหยุดยาว,All employees worked intensively to finish before the long holiday.
เด็กเด็กชอบเล่นบล็อกไม้ในสวน แต่ต้องระวังไม่ให้เปียกฝน,"The children like to play with wooden blocks in the garden, but they must be careful not to get them wet in the rain."
คุณปู่ต้องหนุนหมอนหลายใบตอนดูทีวี เพราะปวดหลังมาก,Grandfather needs to prop up several pillows while watching TV because his back hurts a lot.
พี่สาวรู้สึกเวียนหัวหลังจากทำงานหน้าคอมพิวเตอร์ทั้งวัน,My sister felt dizzy after working in front of the computer all day.
ห้องครัวเลอะเทอะมากหลังจากทำขนมวันเกิดให้น้องชาย,The kitchen was very messy after making a birthday cake for my little brother.
เขาจึงตัดสินใจซื้อบ้านใหม่หลังจากแต่งงาน,He therefore decided to buy a new house after getting married.
พี่ชายชอบดื่มแบล็คคอฟฟี่ตอนเช้า เพราะช่วยให้ตื่นตัว,My brother likes to drink black coffee in the morning because it helps him stay awake.
แม่ล็อคประตูรั้วทุกครั้งก่อนเข้าบ้าน เพื่อป้องกันสุนัขวิ่งออกไป,Mom locks the gate every time before entering the house to prevent dogs from running away.
มีร้านกาแฟเยอะมากในมหาวิทยาลัย แต่ร้านโปรดของฉันอยู่ที่หอสมุด,"There are many coffee shops in the university, but my favorite one is at the library."
เธอชอบใส่เสื้อแบล็งค์สีดำที่มีลายสวยสวย,She likes to wear black blank shirts with beautiful patterns.
เขาชอบทำอาหารที่มีรสชาติเผ็ดจัด แต่ฉันกินไม่ได้เลย,"He likes to cook very spicy food, but I can not eat it at all."
พี่สาวฉันชอบดูหนังที่มีฉากแอ็คชั่นแบบล็อคคอกัน,My older sister likes to watch movies with neck-locking action scenes.
เธอชอบทำขนมที่มีรสชาติหวานจัด แต่ฉันกินไม่ค่อยได้,"She likes to make very sweet desserts, but I can not really eat them."
เขาชอบทำอาหารที่มีรสชาติเผ็ดจัดจนน้ำตาไหล,He likes to cook food that is so spicy it makes your eyes water.
วันนี้อากาศร้อนมาก แต่ลมก็พัดมาให้รู้สึกเย็นขึ้นหน่อย,"Today is very hot, but the wind is blowing, making it feel a bit cooler."
คุณช่วยส่งเกลือที่อยู่บนโต๊ะมาให้ฉันหน่อยได้ไหม,Could you please pass me the salt that is on the table?
เมื่อวานนี้ฝนตกหนักมากแต่ฉันยังต้องออกไปซื้อของที่ตลาด,"It rained heavily yesterday, but I still had to go shopping at the market."
หลังจากทานข้าวเย็นเสร็จแล้ว เรามานั่งดูดาวที่ระเบียงกันเถอะ,"After finishing dinner, let's sit on the balcony and watch the stars."
คุณครูบอกว่าเราต้องทำการบ้านให้เสร็จก่อนวันศุกร์นี้,The teacher said we have to finish our homework before this Friday.
เมื่อถึงฤดูฝน ถนนในเมืองมักจะมีน้ำท่วมขัง,"When the rainy season arrives, the city streets often get flooded."
ตลาดน้ำเป็นสถานที่ท่องเที่ยวที่นักท่องเที่ยวนิยมมาเยี่ยมชม,The floating market is a popular tourist attraction for visitors.
ฉันต้องตื่นเช้าเพื่อไปทำงาน แต่คืนนี้นอนไม่หลับเลย,"I have to wake up early for work, but can not sleep tonight."
คุณเห็นกุญแจรถของฉันไหม ฉันหาไม่เจอตั้งแต่เช้า,Have you seen my car keys? I have not found them since this morning.
ฉันกำลังฟังเพลงโปรดขณะทำความสะอาดบ้าน,I am listening to my favorite music while cleaning the house.
หลังจากงานเลิกแล้ว เราไปทานข้าวเย็นด้วยกันไหม,"After work is over, shall we have dinner together?"
คุณปู่เล่าเรื่องราวสมัยก่อนให้เราฟังทุกคืน,Grandfather tells us stories from the past every night.
ถ้าอากาศร้อนเกินไป เราสามารถไปว่ายน้ำที่สระได้,"If it is too hot, we can go swimming at the pool."
เธอเรียนภาษาอังกฤษทุกวันเพื่อเตรียมตัวสำหรับการสอบ,She studies English every day to prepare for the exam.
พรุ่งนี้เป็นวันหยุด เราควรพักผ่อนและทำสิ่งที่ชอบ,Tomorrow is a holiday; we should rest and do things we like.
คุณต้องการความช่วยเหลือในการยกของหนักนั้นไหม,Do you need help lifting that heavy object?
เมื่อถึงเวลาประชุม โปรดอย่าสายเพราะเป็นเรื่องสำคัญ,"When it is time for the meeting, please do not be late because it is important."
ถ้าคุณมีคำถาม สามารถถามฉันได้ตลอดเวลา,"If you have any questions, you can ask me anytime."
เธอทำเค้กช็อกโกแลตอร่อยมาก ฉันอยากได้สูตรบ้าง,She makes delicious chocolate cake; I want the recipe.
คุณอยากไปงานเทศกาลดอกไม้กับพวกเราหรือไม่,Would you like to join us at the flower festival?
ฉันหวังว่าสภาพอากาศจะดีในวันพรุ่งนี้สำหรับงานเลี้ยง,I hope the weather is good tomorrow for the party.
แม่น้ำสายนี้สวยมากในตอนพระอาทิตย์ตกดิน,This river is very beautiful at sunset.
พรุ่งนี้ฉันต้องไปพบแพทย์เพื่อตรวจสุขภาพประจำปี,Tomorrow I have to see the doctor for my annual check-up.
เรามาเริ่มต้นวันใหม่ด้วยความสดใสและพลังงานดีดีกันเถอะ,Let's start a new day with brightness and good energy.
ถ้าคุณไม่เข้าใจเนื้อหา ให้ถามอาจารย์เพื่อขอคำอธิบาย,"If you do not understand the material, ask the teacher for an explanation."
ฉันตั้งใจว่าจะออกกำลังกายทุกวันแต่บางครั้งก็ขี้เกียจ,"I intend to exercise every day, but sometimes I feel lazy."
ฉันชอบกินผลไม้สด เพราะมันมีประโยชน์ต่อสุขภาพ,I like eating fresh fruits because they are healthy.
คุณช่วยแนะนำร้านอาหารที่อร่อยและราคาไม่แพงให้หน่อยได้ไหม,Could you recommend a tasty and affordable restaurant?
เราควรสำรองข้อมูลในคอมพิวเตอร์เพื่อป้องกันการสูญหาย,We should back up data on the computer to prevent loss.
การเดินเล่นบนชายหาดในตอนเช้าเป็นสิ่งที่ฉันโปรดปราน,Walking on the beach in the morning is something I love.
หลังจากการประชุมเสร็จสิ้น เราจะสรุปผลและวางแผนต่อไป,"After the meeting is over, we will summarize and plan ahead."
ฉันได้รับแรงบันดาลใจจากธรรมชาติและศิลปะรอบตัว,I get inspiration from the nature and art around me.
คุณคิดว่าสิ่งแวดล้อมสำคัญอย่างไรต่อชีวิตของเรา,How important do you think the environment is to our lives?
ความสุขไม่ใช่สิ่งที่หาได้จากภายนอก แต่เป็นสิ่งที่อยู่ภายในใจเรา,Happiness is not something found externally but within our hearts.
ถ้าคุณตั้งใจทำงาน ฝันของคุณจะเป็นจริงได้แน่นอน,"If you work diligently, your dreams will surely come true."
ฉันกำลังคิดจะเลี้ยงสุนัข แต่ยังลังเลเรื่องความรับผิดชอบ,I am thinking of getting a dog but hesitating about the responsibility.
คุณเคยลองเล่นกีฬาผาดโผนบ้างไหม มันน่าตื่นเต้นมาก,Have you ever tried extreme sports? It is very exciting.
ฉันหวังว่าคุณจะประสบความสำเร็จในทุกสิ่งที่คุณทำ,I hope you succeed in everything you do.
ถ้าคุณต้องการพักผ่อน ทะเลเป็นสถานที่ที่เหมาะสมมาก,"If you need to relax, the sea is a perfect place."
การฟังเพลงช่วยให้ฉันผ่อนคลายหลังจากวันที่เหน็ดเหนื่อย,Listening to music helps me relax after a tiring day.
ฉันอยากเรียนรู้วิธีทำอาหารไทยแท้แท้จากเชฟมืออาชีพ,I want to learn how to cook authentic Thai food from a professional chef.
เราควรใช้เวลาให้มีคุณค่ากับคนที่เรารักและใส่ใจ,We should spend quality time with those we love and care about.
ฉันวางแผนจะไปเดินป่าเพื่อสัมผัสธรรมชาติและอากาศบริสุทธิ์,I am planning to go hiking to experience nature and fresh air.
คุณคิดว่าความสำเร็จวัดได้จากอะไรบ้างในชีวิต,What do you think success is measured by in life?
ฉันชื่นชมคนที่มีความพยายามและไม่ยอมแพ้ต่ออุปสรรค,I admire people who are determined and do not give up on obstacles.
คุณต้องการกาแฟเพิ่มไหม ฉันกำลังจะชงแก้วใหม่,Would you like more coffee? I am about to make a new cup.
เราคุยกันเรื่องแผนการสำหรับปีหน้าและตั้งเป้าหมายใหม่,We discussed plans for next year and set new goals.
ฉันพบว่าโยคะและการทำสมาธิช่วยลดความเครียดได้ดี,I have found that yoga and meditation help reduce stress effectively.
ถ้าเธอสนใจ เราสามารถไปเรียนเต้นรำด้วยกันได้,"If you are interested, we can go learn dancing together."
ฉันกำลังติดตามข่าวสารเกี่ยวกับเทคโนโลยีและนวัตกรรมใหม่ใหม่,I am keeping up with news on technology and innovations.
คุณคิดว่าอะไรคือสิ่งที่ทำให้ชีวิตมีความหมาย,What do you think gives life meaning?
เรามาวางแผนการเดินทางรอบโลกกันเถอะ แม้ว่าจะเป็นเพียงความฝัน,"Let's plan a trip around the world, even if it is just a dream."
เราควรอนุรักษ์วัฒนธรรมและประเพณีที่ดีงามของเรา,We should preserve our good culture and traditions.
การเดินทางทำให้เราได้เรียนรู้และเห็นโลกในมุมที่ต่างไป,Traveling allows us to learn and see the world from different perspectives.
เราควรใช้ชีวิตด้วยความรักและความสุขในทุกๆวัน,We should live every day with love and happiness.